test,map,width,height,n,pass,tech,pairs,nopath,invalid,t_p50,t_p95,t_p99,t_max,t_mean,o_p50,o_p95,o_max,o_mean
pairwise,arena,25,25,625,570,astar_heap,200,0,0,192.6,417.6,497.0,537.0,205.4,1.0,1.0,1.0,1.0
pairwise,arena,25,25,625,570,dial_exact,200,0,0,175.4,321.9,330.4,332.3,176.6,1.0,1.0,1.0,1.0
pairwise,arena,25,25,625,570,weighted_3,200,0,0,112.3,306.4,395.5,408.8,130.5,1.0,1.0,1.0,1.0
pairwise,arena,25,25,625,570,weighted_5,200,0,0,41.8,139.0,272.5,276.2,55.0,1.0,1.0,1.0,1.0
pairwise,arena,25,25,625,570,weighted_8,200,0,0,18.4,38.8,62.1,67.7,20.0,1.0,1.0764,1.1626,1.0127
pairwise,arena,25,25,625,570,greedy_bfs,200,0,0,16.3,29.0,43.5,53.0,16.3,1.0488,1.3067,1.6579,1.0845
pairwise,arena,25,25,625,570,dial500_greedy,200,1,0,191.5,319.9,346.8,369.2,187.5,1.0,1.0,1.4048,1.0039
pairwise,arena,25,25,625,570,dial1000_greedy,200,0,0,198.5,336.0,364.8,372.4,188.4,1.0,1.0,1.0,1.0
pairwise,battlebot,21,29,609,456,astar_heap,200,0,1,144.2,321.9,356.0,415.3,157.0,1.0,1.0,1.0,1.0
pairwise,battlebot,21,29,609,456,dial_exact,200,0,1,137.1,261.7,284.1,288.5,140.1,1.0,1.0,1.0,1.0
pairwise,battlebot,21,29,609,456,weighted_3,200,0,1,86.3,316.0,362.4,363.6,116.4,1.0,1.0,1.0,1.0
pairwise,battlebot,21,29,609,456,weighted_5,200,0,1,38.2,294.2,390.8,409.0,68.8,1.0,1.0,1.0,1.0
pairwise,battlebot,21,29,609,456,weighted_8,200,0,1,19.4,322.1,583.4,628.1,52.2,1.0,1.1034,1.2366,1.0202
pairwise,battlebot,21,29,609,456,greedy_bfs,200,0,1,15.9,187.4,250.2,255.4,33.4,1.0488,1.6147,4.8041,1.1681
pairwise,battlebot,21,29,609,456,dial500_greedy,200,0,1,145.3,287.9,349.4,428.2,154.7,1.0,1.0,1.0,1.0
pairwise,battlebot,21,29,609,456,dial1000_greedy,200,0,1,146.0,274.8,290.3,328.2,150.6,1.0,1.0,1.0,1.0
pairwise,chemistry_class,40,40,1600,1434,astar_heap,200,0,0,527.8,1275.2,1444.3,1690.1,582.7,1.0,1.0,1.0,1.0
pairwise,chemistry_class,40,40,1600,1434,dial_exact,200,0,0,469.9,839.1,916.1,950.4,453.4,1.0,1.0,1.0,1.0
pairwise,chemistry_class,40,40,1600,1434,weighted_3,200,0,0,350.9,1037.5,1267.9,1397.8,404.3,1.0,1.0,1.0,1.0
pairwise,chemistry_class,40,40,1600,1434,weighted_5,200,0,0,110.9,441.7,610.4,2311.8,163.8,1.0,1.0,1.0,1.0
pairwise,chemistry_class,40,40,1600,1434,weighted_8,200,0,0,39.0,184.4,373.9,442.2,59.1,1.0,1.1071,1.1788,1.0196
pairwise,chemistry_class,40,40,1600,1434,greedy_bfs,200,0,0,28.1,57.0,79.2,91.9,30.9,1.0464,1.4711,2.3778,1.1129
pairwise,chemistry_class,40,40,1600,1434,dial500_greedy,200,3,0,326.8,381.7,480.8,525.7,281.5,1.0,1.7042,11.885,1.1549
pairwise,chemistry_class,40,40,1600,1434,dial1000_greedy,200,2,0,504.2,685.3,701.1,703.2,433.4,1.0,1.0694,3.7837,1.0335
pairwise,cinnamon_roll,30,30,900,712,astar_heap,197,0,0,230.5,488.1,604.6,658.4,238.3,1.0,1.0,1.0,1.0
pairwise,cinnamon_roll,30,30,900,712,dial_exact,197,0,0,216.2,396.7,462.1,491.2,213.6,1.0,1.0,1.0,1.0
pairwise,cinnamon_roll,30,30,900,712,weighted_3,197,0,0,138.9,376.0,511.1,562.0,157.6,1.0,1.0,1.0,1.0
pairwise,cinnamon_roll,30,30,900,712,weighted_5,197,0,0,51.2,166.6,262.3,280.2,68.4,1.0,1.0,1.0,1.0
pairwise,cinnamon_roll,30,30,900,712,weighted_8,197,0,0,27.5,84.3,158.7,246.2,33.9,1.0,1.1067,1.1977,1.0227
pairwise,cinnamon_roll,30,30,900,712,greedy_bfs,197,0,0,21.0,42.7,49.1,51.9,21.6,1.0857,1.5876,1.8204,1.1418
pairwise,cinnamon_roll,30,30,900,712,dial500_greedy,197,0,0,239.2,344.4,385.6,392.5,215.9,1.0,1.0594,1.8214,1.0148
pairwise,cinnamon_roll,30,30,900,712,dial1000_greedy,197,0,0,230.7,414.7,454.6,469.6,227.8,1.0,1.0,1.0,1.0
pairwise,corridors,31,31,961,748,astar_heap,200,0,0,256.4,553.3,621.8,635.3,258.7,1.0,1.0,1.0,1.0
pairwise,corridors,31,31,961,748,dial_exact,200,0,0,231.1,401.3,450.8,457.8,220.2,1.0,1.0,1.0,1.0
pairwise,corridors,31,31,961,748,weighted_3,200,0,0,169.4,549.9,662.0,974.7,200.9,1.0,1.0,1.0,1.0
pairwise,corridors,31,31,961,748,weighted_5,200,0,0,85.2,381.2,553.4,704.8,122.4,1.0,1.0,1.0,1.0
pairwise,corridors,31,31,961,748,weighted_8,200,0,0,64.2,397.7,544.5,602.1,102.7,1.0,1.1065,1.2684,1.0129
pairwise,corridors,31,31,961,748,greedy_bfs,200,0,0,34.5,120.6,166.1,195.8,46.4,1.0353,1.7224,2.4018,1.1225
pairwise,corridors,31,31,961,748,dial500_greedy,200,20,0,251.9,361.5,414.5,443.2,226.0,1.0,1.1525,2.7895,1.0409
pairwise,corridors,31,31,961,748,dial1000_greedy,200,0,0,248.3,449.1,514.3,586.7,240.2,1.0,1.0,1.0,1.0
pairwise,default_large1,40,40,1600,1444,astar_heap,200,0,0,531.6,1267.0,1364.5,1387.8,584.6,1.0,1.0,1.0,1.0
pairwise,default_large1,40,40,1600,1444,dial_exact,200,0,0,478.3,862.7,934.4,939.3,464.5,1.0,1.0,1.0,1.0
pairwise,default_large1,40,40,1600,1444,weighted_3,200,0,0,295.4,918.5,1069.7,1093.0,363.2,1.0,1.0,1.0,1.0
pairwise,default_large1,40,40,1600,1444,weighted_5,200,0,0,98.4,416.6,904.3,2157.4,150.6,1.0,1.0,1.0,1.0
pairwise,default_large1,40,40,1600,1444,weighted_8,200,0,0,37.1,125.9,404.7,743.0,50.7,1.0,1.1107,1.2167,1.0195
pairwise,default_large1,40,40,1600,1444,greedy_bfs,200,0,0,27.3,58.2,114.7,127.1,30.2,1.0604,1.3275,2.0877,1.1001
pairwise,default_large1,40,40,1600,1444,dial500_greedy,200,2,0,333.8,395.8,625.0,715.5,298.7,1.0,1.3974,2.582,1.0653
pairwise,default_large1,40,40,1600,1444,dial1000_greedy,200,2,0,513.6,712.7,802.7,808.6,455.8,1.0,1.0625,2.582,1.029
pairwise,default_large2,50,30,1500,1266,astar_heap,200,0,0,458.2,1035.4,1128.3,1159.3,506.4,1.0,1.0,1.0,1.0
pairwise,default_large2,50,30,1500,1266,dial_exact,200,0,0,420.9,769.2,840.1,842.7,416.3,1.0,1.0,1.0,1.0
pairwise,default_large2,50,30,1500,1266,weighted_3,200,0,0,281.7,991.6,1063.6,1081.2,357.3,1.0,1.0,1.0,1.0
pairwise,default_large2,50,30,1500,1266,weighted_5,200,0,0,124.9,487.4,740.2,758.5,166.4,1.0,1.0,1.0,1.0
pairwise,default_large2,50,30,1500,1266,weighted_8,200,0,0,54.1,328.7,655.7,709.5,98.0,1.0,1.1048,1.2386,1.0192
pairwise,default_large2,50,30,1500,1266,greedy_bfs,200,0,0,31.8,86.2,104.7,121.7,35.6,1.0443,1.5296,2.608,1.1255
pairwise,default_large2,50,30,1500,1266,dial500_greedy,200,1,0,333.4,406.4,797.0,2264.3,305.3,1.0,2.4542,6.637,1.2256
pairwise,default_large2,50,30,1500,1266,dial1000_greedy,200,0,0,468.5,710.5,748.6,866.1,423.8,1.0,1.0096,1.8753,1.0064
pairwise,default_medium1,30,30,900,816,astar_heap,200,0,0,264.1,642.8,743.2,757.9,295.0,1.0,1.0,1.0,1.0
pairwise,default_medium1,30,30,900,816,dial_exact,200,0,0,235.9,481.0,526.7,534.7,248.5,1.0,1.0,1.0,1.0
pairwise,default_medium1,30,30,900,816,weighted_3,200,0,0,171.2,504.7,726.9,863.7,194.2,1.0,1.0,1.0,1.0
pairwise,default_medium1,30,30,900,816,weighted_5,200,0,0,59.0,229.2,392.7,1210.7,83.1,1.0,1.0,1.0,1.0
pairwise,default_medium1,30,30,900,816,weighted_8,200,0,0,25.2,106.6,214.5,241.0,35.8,1.0,1.1124,1.2394,1.0215
pairwise,default_medium1,30,30,900,816,greedy_bfs,200,0,0,20.6,41.8,61.3,63.8,21.6,1.0588,1.4383,1.6514,1.1125
pairwise,default_medium1,30,30,900,816,dial500_greedy,200,1,0,268.6,351.5,392.4,433.7,226.9,1.0,1.3189,2.344,1.0398
pairwise,default_medium1,30,30,900,816,dial1000_greedy,200,0,0,251.3,504.7,541.7,558.5,265.2,1.0,1.0,1.0,1.0
pairwise,default_medium2,30,30,900,814,astar_heap,200,0,0,319.4,644.7,726.6,837.4,319.8,1.0,1.0,1.0,1.0
pairwise,default_medium2,30,30,900,814,dial_exact,200,0,0,293.8,465.6,510.6,514.4,267.4,1.0,1.0,1.0,1.0
pairwise,default_medium2,30,30,900,814,weighted_3,200,0,0,191.5,496.8,656.6,720.2,209.1,1.0,1.0,1.0,1.0
pairwise,default_medium2,30,30,900,814,weighted_5,200,0,0,63.3,213.1,321.1,1510.0,89.1,1.0,1.0,1.0,1.0
pairwise,default_medium2,30,30,900,814,weighted_8,200,0,0,28.6,72.7,143.8,146.4,33.7,1.0,1.1149,1.1837,1.0227
pairwise,default_medium2,30,30,900,814,greedy_bfs,200,0,0,22.0,40.7,57.4,57.9,22.4,1.0733,1.4606,1.6562,1.136
pairwise,default_medium2,30,30,900,814,dial500_greedy,200,0,0,310.4,366.4,398.9,401.7,247.1,1.0,1.1659,2.1384,1.0288
pairwise,default_medium2,30,30,900,814,dial1000_greedy,200,0,0,316.1,507.1,580.5,581.9,287.1,1.0,1.0,1.0,1.0
pairwise,default_small1,20,20,400,360,astar_heap,200,0,0,114.4,262.2,298.6,321.6,129.9,1.0,1.0,1.0,1.0
pairwise,default_small1,20,20,400,360,dial_exact,200,0,0,114.5,214.1,244.4,246.1,115.1,1.0,1.0,1.0,1.0
pairwise,default_small1,20,20,400,360,weighted_3,200,0,0,68.6,198.3,229.9,262.3,84.5,1.0,1.0,1.0,1.0
pairwise,default_small1,20,20,400,360,weighted_5,200,0,0,24.7,86.7,112.9,123.3,34.4,1.0,1.0,1.0,1.0
pairwise,default_small1,20,20,400,360,weighted_8,200,0,0,14.8,31.0,42.3,50.8,15.9,1.0,1.1084,1.2338,1.0183
pairwise,default_small1,20,20,400,360,greedy_bfs,200,0,0,12.3,23.2,32.7,40.4,13.3,1.0476,1.25,1.561,1.0723
pairwise,default_small1,20,20,400,360,dial500_greedy,200,0,0,127.6,220.8,257.8,276.7,124.7,1.0,1.0,1.0,1.0
pairwise,default_small1,20,20,400,360,dial1000_greedy,200,0,0,122.7,230.2,248.6,249.6,125.6,1.0,1.0,1.0,1.0
pairwise,default_small2,21,21,441,373,astar_heap,200,0,0,125.1,270.3,349.0,386.8,130.1,1.0,1.0,1.0,1.0
pairwise,default_small2,21,21,441,373,dial_exact,200,0,0,117.7,226.5,295.5,480.2,119.7,1.0,1.0,1.0,1.0
pairwise,default_small2,21,21,441,373,weighted_3,200,0,0,75.7,216.2,255.2,272.5,91.8,1.0,1.0,1.0,1.0
pairwise,default_small2,21,21,441,373,weighted_5,200,0,0,38.2,140.5,197.9,248.7,49.0,1.0,1.0,1.0,1.0
pairwise,default_small2,21,21,441,373,weighted_8,200,0,0,19.0,95.6,166.1,189.7,30.8,1.0,1.0667,1.1771,1.0106
pairwise,default_small2,21,21,441,373,greedy_bfs,200,0,0,14.4,40.5,50.0,70.1,17.5,1.0476,1.5862,2.4824,1.1271
pairwise,default_small2,21,21,441,373,dial500_greedy,200,0,0,121.7,230.9,260.6,298.4,125.7,1.0,1.0,1.0,1.0
pairwise,default_small2,21,21,441,373,dial1000_greedy,200,0,0,124.0,226.8,245.9,250.3,125.0,1.0,1.0,1.0,1.0
pairwise,dna,21,50,1050,804,astar_heap,126,0,0,220.9,485.7,505.3,538.6,234.1,1.0,1.0,1.0,1.0
pairwise,dna,21,50,1050,804,dial_exact,126,0,0,197.4,386.7,403.8,412.6,199.8,1.0,1.0,1.0,1.0
pairwise,dna,21,50,1050,804,weighted_3,126,0,0,184.4,473.1,536.6,549.5,209.9,1.0,1.0,1.0,1.0
pairwise,dna,21,50,1050,804,weighted_5,126,0,0,126.6,405.8,474.2,520.3,160.8,1.0,1.0,1.0,1.0
pairwise,dna,21,50,1050,804,weighted_8,126,0,0,81.2,375.8,488.7,546.9,140.3,1.0,1.0817,1.2829,1.01
pairwise,dna,21,50,1050,804,greedy_bfs,126,0,0,38.1,168.7,193.8,199.7,49.4,1.0425,1.5841,2.8885,1.1111
pairwise,dna,21,50,1050,804,dial500_greedy,126,9,0,210.7,360.7,413.2,440.2,207.5,1.0,1.0075,1.2139,1.0027
pairwise,dna,21,50,1050,804,dial1000_greedy,126,0,0,215.3,408.3,450.9,534.0,219.1,1.0,1.0,1.0,1.0
pairwise,face,20,20,400,350,astar_heap,200,0,0,106.1,246.0,281.4,315.1,120.2,1.0,1.0,1.0,1.0
pairwise,face,20,20,400,350,dial_exact,200,0,0,110.8,194.9,211.6,244.8,108.7,1.0,1.0,1.0,1.0
pairwise,face,20,20,400,350,weighted_3,200,0,0,65.3,206.1,255.3,257.0,80.1,1.0,1.0,1.0,1.0
pairwise,face,20,20,400,350,weighted_5,200,0,0,30.2,100.5,153.3,156.4,39.1,1.0,1.0,1.0,1.0
pairwise,face,20,20,400,350,weighted_8,200,0,0,14.8,30.8,49.2,59.4,16.2,1.0,1.0769,1.1588,1.011
pairwise,face,20,20,400,350,greedy_bfs,200,0,0,12.4,24.4,36.7,68.7,13.0,1.0385,1.2719,1.5528,1.0728
pairwise,face,20,20,400,350,dial500_greedy,200,0,0,115.5,214.7,232.4,238.4,116.5,1.0,1.0,1.0,1.0
pairwise,face,20,20,400,350,dial1000_greedy,200,0,0,119.3,215.1,249.6,253.5,116.0,1.0,1.0,1.0,1.0
pairwise,galaxy,40,40,1600,1442,astar_heap,200,0,0,474.0,1269.7,1862.9,1909.8,568.2,1.0,1.0,1.0,1.0
pairwise,galaxy,40,40,1600,1442,dial_exact,200,0,0,446.4,888.0,932.9,1424.7,470.1,1.0,1.0,1.0,1.0
pairwise,galaxy,40,40,1600,1442,weighted_3,200,0,0,271.9,909.0,1120.1,1162.9,351.7,1.0,1.0,1.0,1.0
pairwise,galaxy,40,40,1600,1442,weighted_5,200,0,0,108.7,411.8,616.5,2389.2,152.1,1.0,1.0,1.0,1.0
pairwise,galaxy,40,40,1600,1442,weighted_8,200,0,0,36.5,122.4,173.5,211.3,45.6,1.006,1.1232,1.1716,1.0321
pairwise,galaxy,40,40,1600,1442,greedy_bfs,200,0,0,26.6,59.2,68.9,70.1,28.3,1.0657,1.4413,1.6159,1.1162
pairwise,galaxy,40,40,1600,1442,dial500_greedy,200,0,0,340.4,405.4,423.0,528.7,297.3,1.0,1.5405,2.935,1.0902
pairwise,galaxy,40,40,1600,1442,dial1000_greedy,200,1,0,466.4,711.5,837.2,874.3,447.5,1.0,1.0643,1.5533,1.0159
pairwise,hooks,31,31,961,797,astar_heap,200,0,0,268.2,597.0,686.5,716.8,287.1,1.0,1.0,1.0,1.0
pairwise,hooks,31,31,961,797,dial_exact,200,0,0,252.9,501.4,719.8,720.5,262.6,1.0,1.0,1.0,1.0
pairwise,hooks,31,31,961,797,weighted_3,200,0,0,157.6,477.4,736.5,785.2,198.9,1.0,1.0,1.0,1.0
pairwise,hooks,31,31,961,797,weighted_5,200,0,0,66.7,242.1,323.5,382.4,88.6,1.0,1.0,1.0,1.0
pairwise,hooks,31,31,961,797,weighted_8,200,0,0,34.1,149.8,221.0,271.6,48.3,1.0,1.12,1.2042,1.026
pairwise,hooks,31,31,961,797,greedy_bfs,200,0,0,22.7,53.5,62.5,65.0,25.0,1.1209,1.469,1.8248,1.1583
pairwise,hooks,31,31,961,797,dial500_greedy,200,5,0,252.1,370.9,462.4,486.1,232.9,1.0,1.2947,2.5636,1.0512
pairwise,hooks,31,31,961,797,dial1000_greedy,200,0,0,255.0,497.4,540.6,581.3,268.4,1.0,1.0,1.0,1.0
pairwise,hourglass,27,45,1215,1011,astar_heap,55,0,0,88.5,263.0,319.2,319.2,104.1,1.0,1.0,1.0,1.0
pairwise,hourglass,27,45,1215,1011,dial_exact,55,0,0,90.6,191.4,198.6,198.6,94.4,1.0,1.0,1.0,1.0
pairwise,hourglass,27,45,1215,1011,weighted_3,55,0,0,58.6,211.3,215.4,215.4,75.7,1.0,1.0,1.0,1.0
pairwise,hourglass,27,45,1215,1011,weighted_5,55,0,0,23.5,109.3,129.6,129.6,35.3,1.0,1.0,1.0,1.0
pairwise,hourglass,27,45,1215,1011,weighted_8,55,0,0,13.5,36.1,41.0,41.0,16.4,1.0,1.0957,1.1429,1.0094
pairwise,hourglass,27,45,1215,1011,greedy_bfs,55,0,0,11.8,26.3,39.0,39.0,13.1,1.0385,1.142,1.2832,1.0497
pairwise,hourglass,27,45,1215,1011,dial500_greedy,55,0,0,98.8,208.3,227.6,227.6,101.7,1.0,1.0,1.0,1.0
pairwise,hourglass,27,45,1215,1011,dial1000_greedy,55,0,0,99.2,209.8,236.7,236.7,103.9,1.0,1.0,1.0,1.0
pairwise,landscape,30,30,900,758,astar_heap,200,0,0,290.0,566.5,641.6,654.9,293.3,1.0,1.0,1.0,1.0
pairwise,landscape,30,30,900,758,dial_exact,200,0,0,279.2,443.4,494.6,505.9,254.8,1.0,1.0,1.0,1.0
pairwise,landscape,30,30,900,758,weighted_3,200,0,0,184.2,404.2,518.0,547.1,190.5,1.0,1.0,1.0,1.0
pairwise,landscape,30,30,900,758,weighted_5,200,0,0,78.0,185.0,216.0,232.6,80.7,1.0,1.0,1.0,1.0
pairwise,landscape,30,30,900,758,weighted_8,200,0,0,35.5,82.1,97.2,98.1,37.9,1.0,1.128,1.2522,1.0284
pairwise,landscape,30,30,900,758,greedy_bfs,200,0,0,23.5,43.1,55.6,68.5,23.4,1.1202,1.5202,2.1466,1.176
pairwise,landscape,30,30,900,758,dial500_greedy,200,2,0,313.3,389.7,846.1,1120.3,261.0,1.0,1.1224,3.4775,1.0375
pairwise,landscape,30,30,900,758,dial1000_greedy,200,0,0,294.9,463.2,491.6,527.6,272.8,1.0,1.0,1.0,1.0
pairwise,minimaze,25,25,625,446,astar_heap,199,0,1,124.2,300.3,337.4,382.0,135.7,1.0,1.0,1.0,1.0
pairwise,minimaze,25,25,625,446,dial_exact,199,0,1,122.1,239.9,279.8,305.0,128.0,1.0,1.0,1.0,1.0
pairwise,minimaze,25,25,625,446,weighted_3,199,0,1,79.9,253.6,302.8,334.7,98.4,1.0,1.0,1.0,1.0
pairwise,minimaze,25,25,625,446,weighted_5,199,0,1,47.9,177.0,212.8,223.7,63.6,1.0,1.0,1.0,1.0
pairwise,minimaze,25,25,625,446,weighted_8,199,0,1,33.0,129.7,212.7,232.4,45.2,1.0,1.0591,1.1818,1.0088
pairwise,minimaze,25,25,625,446,greedy_bfs,199,0,1,22.4,50.6,66.2,67.4,24.7,1.042,1.5392,2.1042,1.1202
pairwise,minimaze,25,25,625,446,dial500_greedy,199,0,1,133.8,266.6,305.0,444.5,139.0,1.0,1.0,1.0,1.0
pairwise,minimaze,25,25,625,446,dial1000_greedy,199,0,1,139.0,269.9,344.4,563.0,141.5,1.0,1.0,1.0,1.0
pairwise,pls_buy_cucats_merch,49,49,2401,2081,astar_heap,200,0,0,794.1,2150.6,2498.5,2520.6,932.7,1.0,1.0,1.0,1.0
pairwise,pls_buy_cucats_merch,49,49,2401,2081,dial_exact,200,0,0,701.4,1503.9,1632.2,1653.3,745.5,1.0,1.0,1.0,1.0
pairwise,pls_buy_cucats_merch,49,49,2401,2081,weighted_3,200,0,0,445.4,1544.8,1986.9,2023.3,540.0,1.0,1.0,1.0,1.0
pairwise,pls_buy_cucats_merch,49,49,2401,2081,weighted_5,200,0,0,159.4,604.8,838.0,4434.8,235.8,1.0,1.0,1.0,1.0
pairwise,pls_buy_cucats_merch,49,49,2401,2081,weighted_8,200,0,0,57.7,262.1,373.3,467.3,85.1,1.0,1.1205,1.25,1.0303
pairwise,pls_buy_cucats_merch,49,49,2401,2081,greedy_bfs,200,0,0,38.6,85.4,111.4,125.9,40.8,1.1199,1.6173,2.2342,1.1868
pairwise,pls_buy_cucats_merch,49,49,2401,2081,dial500_greedy,200,17,0,390.7,479.7,506.2,549.7,358.0,1.0108,2.0542,8.3165,1.2244
pairwise,pls_buy_cucats_merch,49,49,2401,2081,dial1000_greedy,200,3,0,724.2,886.5,1064.2,1154.9,605.5,1.0,1.3427,2.4846,1.0564
pairwise,shish_kebab,20,20,400,336,astar_heap,200,0,0,114.4,240.9,307.8,320.5,117.0,1.0,1.0,1.0,1.0
pairwise,shish_kebab,20,20,400,336,dial_exact,200,0,0,107.9,190.9,226.1,282.0,105.1,1.0,1.0,1.0,1.0
pairwise,shish_kebab,20,20,400,336,weighted_3,200,0,0,61.6,189.6,218.4,237.5,75.9,1.0,1.0,1.0,1.0
pairwise,shish_kebab,20,20,400,336,weighted_5,200,0,0,27.6,100.6,171.8,173.3,35.7,1.0,1.0,1.0,1.0
pairwise,shish_kebab,20,20,400,336,weighted_8,200,0,0,15.1,36.8,47.6,69.2,16.9,1.0,1.1034,1.1583,1.0138
pairwise,shish_kebab,20,20,400,336,greedy_bfs,200,0,0,12.4,26.0,49.1,49.7,13.3,1.0317,1.2391,1.5238,1.0604
pairwise,shish_kebab,20,20,400,336,dial500_greedy,200,0,0,117.4,205.2,239.4,247.7,113.4,1.0,1.0,1.0,1.0
pairwise,shish_kebab,20,20,400,336,dial1000_greedy,200,0,0,117.6,206.3,248.0,257.0,112.9,1.0,1.0,1.0,1.0
pairwise,thread_of_connection,20,20,400,304,astar_heap,200,0,0,104.6,212.5,262.4,270.0,109.1,1.0,1.0,1.0,1.0
pairwise,thread_of_connection,20,20,400,304,dial_exact,200,0,0,98.8,183.3,215.2,222.1,97.5,1.0,1.0,1.0,1.0
pairwise,thread_of_connection,20,20,400,304,weighted_3,200,0,0,83.8,205.0,234.7,235.8,92.2,1.0,1.0,1.0,1.0
pairwise,thread_of_connection,20,20,400,304,weighted_5,200,0,0,54.5,173.3,227.9,230.2,66.6,1.0,1.0,1.0,1.0
pairwise,thread_of_connection,20,20,400,304,weighted_8,200,0,0,31.6,189.3,271.7,312.0,59.3,1.0,1.0573,1.1507,1.0075
pairwise,thread_of_connection,20,20,400,304,greedy_bfs,200,0,0,21.8,82.2,94.2,114.1,31.8,1.05,1.3704,1.56,1.1035
pairwise,thread_of_connection,20,20,400,304,dial500_greedy,200,0,0,107.3,194.8,228.8,260.8,104.5,1.0,1.0,1.0,1.0
pairwise,thread_of_connection,20,20,400,304,dial1000_greedy,200,0,0,106.2,191.4,213.5,221.8,103.6,1.0,1.0,1.0,1.0
pairwise,tree_of_life,39,30,1170,1041,astar_heap,200,0,0,340.1,834.8,956.8,967.7,376.8,1.0,1.0,1.0,1.0
pairwise,tree_of_life,39,30,1170,1041,dial_exact,200,0,0,304.2,620.2,656.5,665.9,311.3,1.0,1.0,1.0,1.0
pairwise,tree_of_life,39,30,1170,1041,weighted_3,200,0,0,205.2,731.3,807.2,856.2,253.4,1.0,1.0,1.0,1.0
pairwise,tree_of_life,39,30,1170,1041,weighted_5,200,0,0,69.2,335.2,440.8,456.4,111.5,1.0,1.0,1.0,1.0
pairwise,tree_of_life,39,30,1170,1041,weighted_8,200,0,0,32.0,147.1,278.3,625.7,47.1,1.0,1.1184,1.208,1.0251
pairwise,tree_of_life,39,30,1170,1041,greedy_bfs,200,0,0,22.9,56.1,71.8,115.4,26.4,1.0784,1.4835,2.1081,1.1373
pairwise,tree_of_life,39,30,1170,1041,dial500_greedy,200,1,0,322.1,382.7,437.8,439.5,260.2,1.0,1.1607,5.8283,1.069
pairwise,tree_of_life,39,30,1170,1041,dial1000_greedy,200,1,0,321.9,673.7,700.6,811.6,338.4,1.0,1.0,1.0,1.0
pairwise,wasteland,40,40,1600,1156,astar_heap,200,0,0,399.3,928.7,1099.9,1398.2,437.8,1.0,1.0,1.0,1.0
pairwise,wasteland,40,40,1600,1156,dial_exact,200,0,0,371.6,712.1,800.0,821.7,387.3,1.0,1.0,1.0,1.0
pairwise,wasteland,40,40,1600,1156,weighted_3,200,0,0,208.9,652.4,809.8,846.1,267.5,1.0,1.0,1.0,1.0
pairwise,wasteland,40,40,1600,1156,weighted_5,200,0,0,74.8,273.2,392.5,472.0,108.3,1.0,1.0,1.0,1.0
pairwise,wasteland,40,40,1600,1156,weighted_8,200,0,0,33.6,75.2,135.5,136.8,36.8,1.0301,1.1381,1.2115,1.0427
pairwise,wasteland,40,40,1600,1156,greedy_bfs,200,0,0,24.8,51.7,76.5,83.1,26.4,1.0775,1.2778,1.6471,1.1009
pairwise,wasteland,40,40,1600,1156,dial500_greedy,200,3,0,345.0,434.2,561.9,581.6,298.9,1.0,1.2322,1.3704,1.036
pairwise,wasteland,40,40,1600,1156,dial1000_greedy,200,0,0,397.1,766.8,1012.1,1065.2,421.9,1.0,1.006,1.2028,1.0036
pairwise,bar_chart,35,40,1400,1032,astar_heap,100,0,0,190.1,512.4,1039.6,1039.6,226.3,1.0,1.0,1.0,1.0
pairwise,bar_chart,35,40,1400,1032,dial_exact,100,0,0,176.9,386.2,428.5,428.5,194.2,1.0,1.0,1.0,1.0
pairwise,bar_chart,35,40,1400,1032,weighted_3,100,0,0,120.3,394.8,545.2,545.2,147.0,1.0,1.0,1.0,1.0
pairwise,bar_chart,35,40,1400,1032,weighted_5,100,0,0,60.4,258.9,578.5,578.5,90.3,1.0,1.0,1.0,1.0
pairwise,bar_chart,35,40,1400,1032,weighted_8,100,0,0,36.6,166.5,311.9,311.9,53.1,1.0,1.0849,1.2088,1.0153
pairwise,bar_chart,35,40,1400,1032,greedy_bfs,100,0,0,23.3,62.7,152.7,152.7,29.1,1.0377,1.3266,1.6602,1.0971
pairwise,bar_chart,35,40,1400,1032,dial500_greedy,100,2,0,216.9,377.8,412.6,412.6,208.7,1.0,1.0,2.2163,1.0128
pairwise,bar_chart,35,40,1400,1032,dial1000_greedy,100,0,0,215.3,414.7,482.5,482.5,208.9,1.0,1.0,1.0,1.0
pairwise,binary_tree,41,30,1230,1021,astar_heap,200,0,0,389.7,877.4,1293.8,1476.9,415.7,1.0,1.0,1.0,1.0
pairwise,binary_tree,41,30,1230,1021,dial_exact,200,0,0,345.8,625.1,679.3,707.7,331.2,1.0,1.0,1.0,1.0
pairwise,binary_tree,41,30,1230,1021,weighted_3,200,0,0,215.0,738.4,1044.2,2118.1,290.6,1.0,1.0,1.0,1.0
pairwise,binary_tree,41,30,1230,1021,weighted_5,200,0,0,104.6,567.2,867.0,894.8,164.9,1.0,1.0,1.0,1.0
pairwise,binary_tree,41,30,1230,1021,weighted_8,200,0,0,51.2,529.3,1001.8,1203.8,126.5,1.0,1.0952,1.3107,1.0177
pairwise,binary_tree,41,30,1230,1021,greedy_bfs,200,0,0,32.3,127.4,214.1,315.2,46.3,1.062,1.5587,1.8359,1.14
pairwise,binary_tree,41,30,1230,1021,dial500_greedy,200,23,0,329.3,437.7,696.6,771.2,280.7,1.0,2.1038,3.5272,1.1699
pairwise,binary_tree,41,30,1230,1021,dial1000_greedy,200,2,0,372.8,660.1,793.8,804.2,357.3,1.0,1.0,1.0,1.0
pairwise,butterfly,31,31,961,633,astar_heap,32,0,0,51.2,131.6,133.0,133.0,50.5,1.0,1.0,1.0,1.0
pairwise,butterfly,31,31,961,633,dial_exact,32,0,0,44.3,109.6,110.5,110.5,54.4,1.0,1.0,1.0,1.0
pairwise,butterfly,31,31,961,633,weighted_3,32,0,0,36.1,144.0,177.9,177.9,48.0,1.0,1.0,1.0,1.0
pairwise,butterfly,31,31,961,633,weighted_5,32,0,0,12.9,59.7,74.4,74.4,17.6,1.0,1.0,1.0,1.0
pairwise,butterfly,31,31,961,633,weighted_8,32,0,0,9.2,22.8,22.8,22.8,10.2,1.0,1.0357,1.1184,1.0048
pairwise,butterfly,31,31,961,633,greedy_bfs,32,0,0,8.0,15.7,17.7,17.7,8.4,1.0328,1.325,1.3333,1.0616
pairwise,butterfly,31,31,961,633,dial500_greedy,32,0,0,64.6,150.9,162.3,162.3,68.3,1.0,1.0,1.0,1.0
pairwise,butterfly,31,31,961,633,dial1000_greedy,32,0,0,52.1,106.2,110.7,110.7,54.2,1.0,1.0,1.0,1.0
pairwise,cold,37,37,1369,1138,astar_heap,197,0,0,421.3,1023.5,1144.5,1893.6,455.8,1.0,1.0,1.0,1.0
pairwise,cold,37,37,1369,1138,dial_exact,197,0,0,378.7,734.1,1259.7,1690.1,396.6,1.0,1.0,1.0,1.0
pairwise,cold,37,37,1369,1138,weighted_3,197,0,0,254.2,862.0,965.9,1028.3,312.5,1.0,1.0,1.0,1.0
pairwise,cold,37,37,1369,1138,weighted_5,197,0,0,91.1,425.4,504.6,2046.7,145.0,1.0,1.0,1.0,1.0
pairwise,cold,37,37,1369,1138,weighted_8,197,0,0,34.6,337.2,633.7,919.9,84.5,1.0,1.1038,1.2708,1.0237
pairwise,cold,37,37,1369,1138,greedy_bfs,197,0,0,27.6,68.0,155.7,164.5,32.1,1.0612,1.3905,1.9012,1.1155
pairwise,cold,37,37,1369,1138,dial500_greedy,197,17,0,335.5,385.6,429.5,525.7,281.2,1.0,1.1688,1.8099,1.0268
pairwise,cold,37,37,1369,1138,dial1000_greedy,197,0,0,399.0,713.3,760.9,774.3,391.2,1.0,1.0,1.0234,1.0003
pairwise,cubes,50,50,2500,1944,astar_heap,200,0,0,1058.4,2138.4,2703.7,4049.7,1120.0,1.0,1.0,1.0,1.0
pairwise,cubes,50,50,2500,1944,dial_exact,200,0,0,907.1,1561.2,2056.6,2097.4,908.0,1.0,1.0,1.0,1.0
pairwise,cubes,50,50,2500,1944,weighted_3,200,0,0,577.8,1561.6,1912.9,1987.7,701.8,1.0,1.0,1.0,1.0
pairwise,cubes,50,50,2500,1944,weighted_5,200,0,0,303.5,1070.2,1317.3,1530.3,391.7,1.0,1.0,1.0,1.0
pairwise,cubes,50,50,2500,1944,weighted_8,200,0,0,157.0,1013.3,1500.8,1523.5,291.0,1.0,1.0823,1.1582,1.0187
pairwise,cubes,50,50,2500,1944,greedy_bfs,200,0,0,82.0,264.7,336.3,348.9,106.4,1.1603,1.5216,1.7391,1.2038
pairwise,cubes,50,50,2500,1944,dial500_greedy,200,83,0,418.0,549.0,605.0,638.6,396.0,1.0,2.2098,4.2431,1.2351
pairwise,cubes,50,50,2500,1944,dial1000_greedy,200,59,0,794.8,972.9,1133.9,1155.1,680.3,1.0,1.5733,3.9835,1.1043
pairwise,gaussian,35,20,700,599,astar_heap,200,0,0,226.4,444.1,470.9,487.7,229.0,1.0,1.0,1.0,1.0
pairwise,gaussian,35,20,700,599,dial_exact,200,0,0,214.4,344.9,384.1,390.1,198.1,1.0,1.0,1.0,1.0
pairwise,gaussian,35,20,700,599,weighted_3,200,0,0,164.0,529.8,692.2,695.6,195.6,1.0,1.0,1.0,1.0
pairwise,gaussian,35,20,700,599,weighted_5,200,0,0,66.2,235.6,392.5,397.4,89.4,1.0,1.0,1.0,1.0
pairwise,gaussian,35,20,700,599,weighted_8,200,0,0,28.5,103.7,223.7,249.5,35.5,1.0,1.1118,1.1513,1.0215
pairwise,gaussian,35,20,700,599,greedy_bfs,200,0,0,20.4,49.5,78.6,100.5,22.1,1.0424,1.2652,1.6,1.078
pairwise,gaussian,35,20,700,599,dial500_greedy,200,0,0,233.2,356.2,424.7,493.5,213.3,1.0,1.0073,1.0115,1.0006
pairwise,gaussian,35,20,700,599,dial1000_greedy,200,0,0,232.5,385.5,484.2,584.5,221.2,1.0,1.0,1.0,1.0
pairwise,git_branches,50,35,1750,1352,astar_heap,98,0,0,232.6,734.1,847.2,847.2,271.7,1.0,1.0,1.0,1.0
pairwise,git_branches,50,35,1750,1352,dial_exact,98,0,0,233.6,624.7,713.0,713.0,264.8,1.0,1.0,1.0,1.0
pairwise,git_branches,50,35,1750,1352,weighted_3,98,0,0,201.0,731.1,794.9,794.9,235.2,1.0,1.0,1.0,1.0
pairwise,git_branches,50,35,1750,1352,weighted_5,98,0,0,86.7,363.6,461.0,461.0,117.2,1.0,1.0,1.0,1.0
pairwise,git_branches,50,35,1750,1352,weighted_8,98,0,0,41.2,253.9,451.5,451.5,69.0,1.0,1.083,1.1336,1.0093
pairwise,git_branches,50,35,1750,1352,greedy_bfs,98,0,0,29.7,104.5,1848.0,1848.0,55.6,1.0488,1.4034,1.9565,1.1013
pairwise,git_branches,50,35,1750,1352,dial500_greedy,98,6,0,228.6,408.9,556.0,556.0,233.0,1.0,1.0142,1.9677,1.0202
pairwise,git_branches,50,35,1750,1352,dial1000_greedy,98,0,0,222.5,602.7,648.2,648.2,259.2,1.0,1.0,1.0,1.0
pairwise,mandelbrot,50,41,2050,1692,astar_heap,181,0,0,728.7,1671.7,1833.0,1988.8,795.6,1.0,1.0,1.0,1.0
pairwise,mandelbrot,50,41,2050,1692,dial_exact,181,0,0,598.9,1171.3,1268.5,1430.2,600.9,1.0,1.0,1.0,1.0
pairwise,mandelbrot,50,41,2050,1692,weighted_3,181,0,0,536.8,1815.4,2413.3,2632.3,676.4,1.0,1.0,1.0,1.0
pairwise,mandelbrot,50,41,2050,1692,weighted_5,181,0,0,180.7,1157.0,1726.8,5074.5,365.3,1.0,1.0,1.0,1.0
pairwise,mandelbrot,50,41,2050,1692,weighted_8,181,0,0,82.8,1200.5,2872.7,2930.3,268.3,1.0,1.0942,1.3764,1.0231
pairwise,mandelbrot,50,41,2050,1692,greedy_bfs,181,0,0,47.1,155.8,223.1,261.6,59.4,1.0683,1.5018,2.186,1.1537
pairwise,mandelbrot,50,41,2050,1692,dial500_greedy,181,39,0,401.3,686.2,784.7,834.1,397.2,1.0,2.1647,6.3506,1.2015
pairwise,mandelbrot,50,41,2050,1692,dial1000_greedy,181,16,0,710.6,1117.1,1477.0,1481.0,661.1,1.0,1.1955,2.9833,1.0585
pairwise,pixel_forest,45,25,1125,874,astar_heap,176,0,0,259.0,663.0,730.3,1015.9,290.5,1.0,1.0,1.0,1.0
pairwise,pixel_forest,45,25,1125,874,dial_exact,176,0,0,238.3,502.3,601.4,606.8,255.7,1.0,1.0,1.0,1.0
pairwise,pixel_forest,45,25,1125,874,weighted_3,176,0,0,171.6,630.5,693.5,782.1,212.9,1.0,1.0,1.0,1.0
pairwise,pixel_forest,45,25,1125,874,weighted_5,176,0,0,84.9,480.4,665.0,711.7,126.7,1.0,1.0,1.0,1.0
pairwise,pixel_forest,45,25,1125,874,weighted_8,176,0,0,45.4,314.0,843.3,1233.3,85.2,1.0,1.0604,1.1277,1.0114
pairwise,pixel_forest,45,25,1125,874,greedy_bfs,176,0,0,30.1,93.6,149.3,154.2,36.7,1.0667,1.3927,1.5515,1.114
pairwise,pixel_forest,45,25,1125,874,dial500_greedy,176,10,0,266.4,418.6,584.6,625.3,252.5,1.0,1.5633,2.4809,1.0726
pairwise,pixel_forest,45,25,1125,874,dial1000_greedy,176,0,0,266.0,535.5,553.1,623.7,272.2,1.0,1.0,1.0,1.0
pairwise,settlement,50,38,1900,1614,astar_heap,199,0,0,673.3,1574.8,1795.7,1875.7,719.6,1.0,1.0,1.0,1.0
pairwise,settlement,50,38,1900,1614,dial_exact,199,0,0,623.1,1297.8,1988.2,2204.0,650.2,1.0,1.0,1.0,1.0
pairwise,settlement,50,38,1900,1614,weighted_3,199,0,0,341.1,1355.2,2296.1,2658.3,483.4,1.0,1.0,1.0,1.0
pairwise,settlement,50,38,1900,1614,weighted_5,199,0,0,124.0,545.1,973.4,3906.3,196.6,1.0,1.0,1.0,1.0
pairwise,settlement,50,38,1900,1614,weighted_8,199,0,0,47.1,176.2,288.5,813.9,65.0,1.0,1.1116,1.1754,1.0227
pairwise,settlement,50,38,1900,1614,greedy_bfs,199,0,0,32.7,73.1,108.7,110.4,34.6,1.063,1.2926,1.4524,1.0883
pairwise,settlement,50,38,1900,1614,dial500_greedy,199,3,0,371.7,486.3,624.0,668.8,333.2,1.0,1.5846,2.1176,1.1019
pairwise,settlement,50,38,1900,1614,dial1000_greedy,199,3,0,613.5,936.8,1178.4,1327.1,551.1,1.0,1.287,2.9087,1.0416
pairwise,sierpinski_evil,31,31,961,659,astar_heap,185,0,0,232.9,496.4,539.2,564.7,244.4,1.0,1.0,1.0,1.0
pairwise,sierpinski_evil,31,31,961,659,dial_exact,185,0,0,219.5,389.8,438.5,454.5,211.5,1.0,1.0,1.0,1.0
pairwise,sierpinski_evil,31,31,961,659,weighted_3,185,0,0,143.8,436.2,560.9,565.3,176.2,1.0,1.0,1.0,1.0
pairwise,sierpinski_evil,31,31,961,659,weighted_5,185,0,0,67.5,219.4,349.7,352.8,86.6,1.0,1.0,1.0,1.0
pairwise,sierpinski_evil,31,31,961,659,weighted_8,185,0,0,31.4,140.6,205.6,243.7,45.3,1.0,1.1095,1.1778,1.0175
pairwise,sierpinski_evil,31,31,961,659,greedy_bfs,185,0,0,21.5,48.4,63.6,84.5,23.8,1.0531,1.3962,2.7168,1.1188
pairwise,sierpinski_evil,31,31,961,659,dial500_greedy,185,5,0,233.2,369.7,416.6,438.3,218.0,1.0,1.0,1.1167,1.0014
pairwise,sierpinski_evil,31,31,961,659,dial1000_greedy,185,0,0,240.0,421.0,441.0,455.2,227.1,1.0,1.0,1.0,1.0
pairwise,socket,50,20,1000,632,astar_heap,200,0,0,255.2,488.2,605.8,937.3,259.6,1.0,1.0,1.0,1.0
pairwise,socket,50,20,1000,632,dial_exact,200,0,0,222.9,390.5,416.9,420.3,217.5,1.0,1.0,1.0,1.0
pairwise,socket,50,20,1000,632,weighted_3,200,0,0,211.0,421.7,500.1,504.8,215.9,1.0,1.0,1.0,1.0
pairwise,socket,50,20,1000,632,weighted_5,200,0,0,142.9,455.4,555.8,1939.0,180.6,1.0,1.0,1.0,1.0
pairwise,socket,50,20,1000,632,weighted_8,200,0,0,87.9,327.7,469.4,480.6,127.0,1.0,1.0289,1.0957,1.0044
pairwise,socket,50,20,1000,632,greedy_bfs,200,0,0,45.9,162.1,203.6,209.9,62.7,1.0747,1.3028,1.5972,1.1018
pairwise,socket,50,20,1000,632,dial500_greedy,200,20,0,246.1,384.7,423.5,460.6,232.1,1.0,1.0314,1.3752,1.0059
pairwise,socket,50,20,1000,632,dial1000_greedy,200,0,0,239.3,424.0,677.3,752.2,239.3,1.0,1.0,1.0,1.0
pairwise,starry_night,50,41,2050,1730,astar_heap,179,0,0,641.0,1584.9,1869.2,2357.7,716.5,1.0,1.0,1.0,1.0
pairwise,starry_night,50,41,2050,1730,dial_exact,179,0,0,513.1,1112.6,1223.3,1234.6,559.7,1.0,1.0,1.0,1.0
pairwise,starry_night,50,41,2050,1730,weighted_3,179,0,0,322.4,1061.1,1357.4,1713.4,410.0,1.0,1.0,1.0,1.0
pairwise,starry_night,50,41,2050,1730,weighted_5,179,0,0,131.7,415.7,598.2,1109.0,163.0,1.0,1.0,1.0,1.0
pairwise,starry_night,50,41,2050,1730,weighted_8,179,0,0,49.4,135.6,221.4,385.6,56.8,1.0,1.1149,1.1579,1.0237
pairwise,starry_night,50,41,2050,1730,greedy_bfs,179,0,0,33.0,66.5,85.6,96.0,34.8,1.0811,1.36,1.5543,1.1159
pairwise,starry_night,50,41,2050,1730,dial500_greedy,179,12,0,368.6,443.2,596.5,625.6,325.1,1.0,1.2829,5.7898,1.1013
pairwise,starry_night,50,41,2050,1730,dial1000_greedy,179,3,0,555.1,893.0,1030.9,1106.9,531.3,1.0,1.0976,2.2861,1.0272
pairwise,tiles,40,30,1200,808,astar_heap,146,0,0,215.5,514.2,568.2,579.0,225.7,1.0,1.0,1.0,1.0
pairwise,tiles,40,30,1200,808,dial_exact,146,0,0,190.6,399.4,445.4,464.8,200.3,1.0,1.0,1.0,1.0
pairwise,tiles,40,30,1200,808,weighted_3,146,0,0,126.7,467.8,535.6,561.4,164.9,1.0,1.0,1.0,1.0
pairwise,tiles,40,30,1200,808,weighted_5,146,0,0,80.6,328.1,436.8,476.9,101.8,1.0,1.0,1.0,1.0
pairwise,tiles,40,30,1200,808,weighted_8,146,0,0,59.6,242.2,427.6,709.0,84.4,1.0,1.068,1.2534,1.0114
pairwise,tiles,40,30,1200,808,greedy_bfs,146,0,0,35.2,104.5,114.2,117.7,41.4,1.1022,1.5918,2.4492,1.1787
pairwise,tiles,40,30,1200,808,dial500_greedy,146,7,0,220.5,376.3,423.2,486.2,213.3,1.0,1.0736,2.045,1.0154
pairwise,tiles,40,30,1200,808,dial1000_greedy,146,0,0,251.2,533.6,579.3,586.9,254.8,1.0,1.0,1.0,1.0
pairwise,wasteland_oasis,40,40,1600,960,astar_heap,200,0,0,434.3,840.5,1113.0,1376.2,429.7,1.0,1.0,1.0,1.0
pairwise,wasteland_oasis,40,40,1600,960,dial_exact,200,0,0,400.4,648.6,764.5,837.1,369.3,1.0,1.0,1.0,1.0
pairwise,wasteland_oasis,40,40,1600,960,weighted_3,200,0,0,256.6,617.7,805.1,839.9,277.1,1.0,1.0,1.0,1.0
pairwise,wasteland_oasis,40,40,1600,960,weighted_5,200,0,0,107.6,304.8,424.8,556.8,123.4,1.0,1.0,1.0,1.0
pairwise,wasteland_oasis,40,40,1600,960,weighted_8,200,0,0,43.3,141.8,226.1,265.5,52.5,1.0105,1.1299,1.2348,1.0323
pairwise,wasteland_oasis,40,40,1600,960,greedy_bfs,200,0,0,29.1,58.3,74.7,81.3,30.2,1.0773,1.4076,1.6132,1.1265
pairwise,wasteland_oasis,40,40,1600,960,dial500_greedy,200,9,0,354.4,472.5,508.8,600.6,312.2,1.0,1.2544,2.2532,1.0536
pairwise,wasteland_oasis,40,40,1600,960,dial1000_greedy,200,0,0,416.3,639.8,725.6,760.7,383.4,1.0,1.0,1.0,1.0
explore,arena,25,25,625,570,astar_heap,8,0,0,55.8,145.6,145.6,145.6,58.1,1.0,1.0,1.0,1.0
explore,arena,25,25,625,570,dial_exact,8,0,0,75.2,163.9,163.9,163.9,73.0,1.0,1.0,1.0,1.0
explore,arena,25,25,625,570,weighted_3,8,0,0,26.2,75.0,75.0,75.0,28.7,1.0,1.0,1.0,1.0
explore,arena,25,25,625,570,weighted_5,8,0,0,10.8,37.3,37.3,37.3,13.7,1.0,1.0,1.0,1.0
explore,arena,25,25,625,570,weighted_8,8,0,0,9.6,13.6,13.6,13.6,9.2,1.0,1.0,1.0,1.0
explore,arena,25,25,625,570,greedy_bfs,8,0,0,7.5,13.8,13.8,13.8,7.8,1.0,1.0435,1.0435,1.0085
explore,arena,25,25,625,570,dial500_greedy,8,0,0,77.1,184.9,184.9,184.9,77.5,1.0,1.0,1.0,1.0
explore,arena,25,25,625,570,dial1000_greedy,8,0,0,79.0,166.6,166.6,166.6,77.4,1.0,1.0,1.0,1.0
explore,battlebot,21,29,609,456,astar_heap,12,0,0,74.5,179.7,179.7,179.7,72.5,1.0,1.0,1.0,1.0
explore,battlebot,21,29,609,456,dial_exact,12,0,0,85.4,165.7,165.7,165.7,77.7,1.0,1.0,1.0,1.0
explore,battlebot,21,29,609,456,weighted_3,12,0,0,54.6,122.7,122.7,122.7,50.1,1.0,1.0,1.0,1.0
explore,battlebot,21,29,609,456,weighted_5,12,0,0,27.5,70.9,70.9,70.9,30.1,1.0,1.0,1.0,1.0
explore,battlebot,21,29,609,456,weighted_8,12,0,0,10.8,27.4,27.4,27.4,11.7,1.0,1.0,1.0,1.0
explore,battlebot,21,29,609,456,greedy_bfs,12,0,0,9.0,15.1,15.1,15.1,8.8,1.0,1.0735,1.0735,1.0165
explore,battlebot,21,29,609,456,dial500_greedy,12,0,0,89.7,160.4,160.4,160.4,78.2,1.0,1.0,1.0,1.0
explore,battlebot,21,29,609,456,dial1000_greedy,12,0,0,94.8,205.3,205.3,205.3,82.4,1.0,1.0,1.0,1.0
explore,chemistry_class,40,40,1600,1434,astar_heap,22,0,0,240.3,409.2,670.3,670.3,218.5,1.0,1.0,1.0,1.0
explore,chemistry_class,40,40,1600,1434,dial_exact,51,0,0,304.3,431.4,487.8,487.8,243.1,1.0,1.0,1.0,1.0
explore,chemistry_class,40,40,1600,1434,weighted_3,22,0,0,118.8,205.6,226.1,226.1,103.3,1.0,1.0,1.0,1.0
explore,chemistry_class,40,40,1600,1434,weighted_5,22,0,0,53.1,143.7,146.8,146.8,58.1,1.0,1.0,1.0,1.0
explore,chemistry_class,40,40,1600,1434,weighted_8,28,0,0,28.7,46.5,51.6,51.6,27.6,1.0,1.0124,1.0141,1.0009
explore,chemistry_class,40,40,1600,1434,greedy_bfs,45,0,0,43.1,61.2,63.8,63.8,36.6,1.0,1.3797,1.5833,1.0693
explore,chemistry_class,40,40,1600,1434,dial500_greedy,51,0,0,325.6,385.2,541.0,541.0,253.5,1.0,1.0,1.0,1.0
explore,chemistry_class,40,40,1600,1434,dial1000_greedy,51,0,0,324.1,473.5,573.6,573.6,259.9,1.0,1.0,1.0,1.0
explore,cinnamon_roll,30,30,900,712,astar_heap,35,0,0,531.6,719.1,754.2,754.2,423.0,1.0,1.0,1.0,1.0
explore,cinnamon_roll,30,30,900,712,dial_exact,35,0,0,426.3,516.8,539.3,539.3,345.0,1.0,1.0,1.0,1.0
explore,cinnamon_roll,30,30,900,712,weighted_3,35,0,0,303.6,527.2,552.4,552.4,266.2,1.0,1.0,1.0,1.0
explore,cinnamon_roll,30,30,900,712,weighted_5,35,0,0,120.6,274.7,280.4,280.4,112.6,1.0,1.0,1.0,1.0
explore,cinnamon_roll,30,30,900,712,weighted_8,35,0,0,31.8,50.6,63.3,63.3,28.0,1.0,1.0,1.0,1.0
explore,cinnamon_roll,30,30,900,712,greedy_bfs,42,0,0,27.7,44.8,46.5,46.5,24.5,1.0228,1.0923,1.1152,1.0295
explore,cinnamon_roll,30,30,900,712,dial500_greedy,35,0,0,320.8,340.6,417.9,417.9,265.2,1.0,1.0,1.0,1.0
explore,cinnamon_roll,30,30,900,712,dial1000_greedy,35,0,0,458.7,565.5,604.2,604.2,370.7,1.0,1.0,1.0,1.0
explore,corridors,31,31,961,748,astar_heap,86,0,0,176.5,568.9,694.6,694.6,212.2,1.0,1.0,1.0,1.0
explore,corridors,31,31,961,748,dial_exact,109,0,0,182.0,438.3,476.7,513.5,203.6,1.0,1.0,1.0,1.0
explore,corridors,31,31,961,748,weighted_3,86,0,0,101.4,533.2,575.1,575.1,151.2,1.0,1.0,1.0,1.0
explore,corridors,31,31,961,748,weighted_5,86,0,0,47.9,235.9,323.6,323.6,76.5,1.0,1.0,1.0,1.0
explore,corridors,31,31,961,748,weighted_8,109,0,0,29.0,54.7,73.7,78.9,30.9,1.0,1.0,1.0112,1.0001
explore,corridors,31,31,961,748,greedy_bfs,163,0,0,35.2,134.6,157.5,160.9,53.8,1.0115,1.5742,2.0056,1.0841
explore,corridors,31,31,961,748,dial500_greedy,109,0,0,199.6,350.0,375.1,379.9,207.9,1.0,1.0,1.0073,1.0001
explore,corridors,31,31,961,748,dial1000_greedy,109,0,0,189.0,466.5,505.0,538.9,213.9,1.0,1.0,1.0,1.0
explore,default_large1,40,40,1600,1444,astar_heap,17,0,0,204.9,693.3,693.3,693.3,259.8,1.0,1.0,1.0,1.0
explore,default_large1,40,40,1600,1444,dial_exact,17,0,0,238.4,569.2,569.2,569.2,276.5,1.0,1.0,1.0,1.0
explore,default_large1,40,40,1600,1444,weighted_3,17,0,0,102.8,344.7,344.7,344.7,118.6,1.0,1.0,1.0,1.0
explore,default_large1,40,40,1600,1444,weighted_5,17,0,0,31.9,154.2,154.2,154.2,46.9,1.0,1.0,1.0,1.0
explore,default_large1,40,40,1600,1444,weighted_8,17,0,0,21.3,39.0,39.0,39.0,20.4,1.0,1.0,1.0,1.0
explore,default_large1,40,40,1600,1444,greedy_bfs,17,0,0,17.3,53.9,53.9,53.9,17.8,1.0516,1.1039,1.1039,1.0516
explore,default_large1,40,40,1600,1444,dial500_greedy,17,0,0,287.9,425.2,425.2,425.2,233.3,1.0,1.0,1.0,1.0
explore,default_large1,40,40,1600,1444,dial1000_greedy,17,0,0,254.1,839.7,839.7,839.7,315.7,1.0,1.0,1.0,1.0
explore,default_large2,50,30,1500,1266,astar_heap,43,0,0,949.7,1194.9,1250.0,1250.0,755.8,1.0,1.0,1.0,1.0
explore,default_large2,50,30,1500,1266,dial_exact,43,0,0,828.3,948.6,992.5,992.5,631.8,1.0,1.0,1.0,1.0
explore,default_large2,50,30,1500,1266,weighted_3,43,0,0,580.5,1236.8,1311.9,1311.9,630.8,1.0,1.0,1.0,1.0
explore,default_large2,50,30,1500,1266,weighted_5,43,0,0,308.0,1062.9,1111.2,1111.2,417.6,1.0,1.0,1.0,1.0
explore,default_large2,50,30,1500,1266,weighted_8,62,0,0,44.3,84.0,115.0,115.0,44.6,1.0,1.0043,1.0084,1.0006
explore,default_large2,50,30,1500,1266,greedy_bfs,60,0,0,31.1,63.7,86.3,86.3,33.6,1.0196,1.0667,1.0741,1.0199
explore,default_large2,50,30,1500,1266,dial500_greedy,43,0,0,361.2,405.5,434.6,434.6,313.2,1.0325,1.0533,1.0551,1.0276
explore,default_large2,50,30,1500,1266,dial1000_greedy,43,0,0,672.7,732.5,778.0,778.0,531.6,1.0081,1.0299,1.0317,1.012
explore,default_medium1,30,30,900,816,astar_heap,15,0,0,76.0,204.7,204.7,204.7,89.8,1.0,1.0,1.0,1.0
explore,default_medium1,30,30,900,816,dial_exact,15,0,0,96.7,224.8,224.8,224.8,111.8,1.0,1.0,1.0,1.0
explore,default_medium1,30,30,900,816,weighted_3,15,0,0,39.4,87.1,87.1,87.1,41.7,1.0,1.0,1.0,1.0
explore,default_medium1,30,30,900,816,weighted_5,15,0,0,23.3,50.3,50.3,50.3,23.1,1.0,1.0,1.0,1.0
explore,default_medium1,30,30,900,816,weighted_8,15,0,0,14.9,18.5,18.5,18.5,12.8,1.0,1.0,1.0,1.0
explore,default_medium1,30,30,900,816,greedy_bfs,15,0,0,11.5,16.2,16.2,16.2,10.5,1.0235,1.1,1.1,1.0272
explore,default_medium1,30,30,900,816,dial500_greedy,15,0,0,145.1,266.9,266.9,266.9,140.0,1.0,1.0,1.0,1.0
explore,default_medium1,30,30,900,816,dial1000_greedy,15,0,0,112.7,234.9,234.9,234.9,122.8,1.0,1.0,1.0,1.0
explore,default_medium2,30,30,900,814,astar_heap,23,0,0,162.5,426.4,518.7,518.7,197.1,1.0,1.0,1.0,1.0
explore,default_medium2,30,30,900,814,dial_exact,23,0,0,199.1,378.8,443.8,443.8,190.3,1.0,1.0,1.0,1.0
explore,default_medium2,30,30,900,814,weighted_3,23,0,0,109.5,348.6,400.0,400.0,142.4,1.0,1.0,1.0,1.0
explore,default_medium2,30,30,900,814,weighted_5,23,0,0,62.3,199.8,219.9,219.9,78.2,1.0,1.0,1.0,1.0
explore,default_medium2,30,30,900,814,weighted_8,23,0,0,17.3,31.8,33.6,33.6,18.6,1.0,1.0,1.0,1.0
explore,default_medium2,30,30,900,814,greedy_bfs,23,0,0,11.8,20.5,24.1,24.1,12.2,1.0,1.0156,1.0299,1.0023
explore,default_medium2,30,30,900,814,dial500_greedy,23,0,0,186.0,381.4,404.6,404.6,200.1,1.0,1.0086,1.0149,1.0017
explore,default_medium2,30,30,900,814,dial1000_greedy,23,0,0,191.0,458.5,478.2,478.2,206.2,1.0,1.0,1.0,1.0
explore,default_small1,20,20,400,360,astar_heap,21,0,0,196.8,385.6,396.2,396.2,196.2,1.0,1.0,1.0,1.0
explore,default_small1,20,20,400,360,dial_exact,21,0,0,214.2,249.2,280.2,280.2,164.7,1.0,1.0,1.0,1.0
explore,default_small1,20,20,400,360,weighted_3,21,0,0,92.1,260.5,268.3,268.3,124.0,1.0,1.0,1.0,1.0
explore,default_small1,20,20,400,360,weighted_5,21,0,0,40.4,150.1,172.2,172.2,56.0,1.0,1.0,1.0,1.0
explore,default_small1,20,20,400,360,weighted_8,21,0,0,14.9,31.7,38.3,38.3,17.9,1.0,1.0,1.0,1.0
explore,default_small1,20,20,400,360,greedy_bfs,22,0,0,14.6,25.8,27.7,27.7,14.7,1.0,1.0604,1.0645,1.0128
explore,default_small1,20,20,400,360,dial500_greedy,21,0,0,220.0,252.8,267.7,267.7,172.5,1.0,1.0,1.0,1.0
explore,default_small1,20,20,400,360,dial1000_greedy,21,0,0,226.8,249.6,286.6,286.6,170.9,1.0,1.0,1.0,1.0
explore,default_small2,21,21,441,373,astar_heap,29,0,0,172.5,300.8,304.7,304.7,177.1,1.0,1.0,1.0,1.0
explore,default_small2,21,21,441,373,dial_exact,35,0,0,162.7,248.8,252.6,252.6,156.3,1.0,1.0,1.0,1.0
explore,default_small2,21,21,441,373,weighted_3,29,0,0,99.0,299.7,304.6,304.6,138.1,1.0,1.0,1.0,1.0
explore,default_small2,21,21,441,373,weighted_5,29,0,0,59.2,236.1,260.9,260.9,90.5,1.0,1.0,1.0,1.0
explore,default_small2,21,21,441,373,weighted_8,37,0,0,22.5,55.4,57.2,57.2,24.5,1.0,1.0,1.0081,1.0002
explore,default_small2,21,21,441,373,greedy_bfs,50,0,0,22.7,45.0,69.4,69.4,22.8,1.046,1.202,1.5043,1.0632
explore,default_small2,21,21,441,373,dial500_greedy,35,0,0,168.1,311.5,315.1,315.1,170.6,1.0,1.0,1.0,1.0
explore,default_small2,21,21,441,373,dial1000_greedy,35,0,0,166.9,300.6,345.7,345.7,168.1,1.0,1.0,1.0,1.0
explore,dna,21,50,1050,804,astar_heap,59,0,0,706.7,881.8,1371.7,1371.7,531.4,1.0,1.0,1.0,1.0
explore,dna,21,50,1050,804,dial_exact,57,0,0,566.0,618.6,646.9,646.9,414.7,1.0,1.0,1.0,1.0
explore,dna,21,50,1050,804,weighted_3,59,0,0,498.9,861.9,872.1,872.1,464.2,1.0,1.0,1.0,1.0
explore,dna,21,50,1050,804,weighted_5,59,0,0,365.6,861.9,972.7,972.7,361.8,1.0,1.0,1.0,1.0
explore,dna,21,50,1050,804,weighted_8,61,0,0,41.9,83.9,124.4,124.4,45.0,1.0,1.0,1.0034,1.0001
explore,dna,21,50,1050,804,greedy_bfs,65,0,0,29.7,71.3,77.1,77.1,32.1,1.0,1.0541,1.0801,1.0125
explore,dna,21,50,1050,804,dial500_greedy,57,0,0,333.6,392.0,398.6,398.6,270.9,1.0,1.0,1.0,1.0
explore,dna,21,50,1050,804,dial1000_greedy,57,0,0,612.1,697.4,721.6,721.6,445.0,1.0,1.0,1.0,1.0
explore,face,20,20,400,350,astar_heap,9,0,0,46.2,183.3,183.3,183.3,64.4,1.0,1.0,1.0,1.0
explore,face,20,20,400,350,dial_exact,9,0,0,51.6,138.0,138.0,138.0,65.5,1.0,1.0,1.0,1.0
explore,face,20,20,400,350,weighted_3,9,0,0,24.1,91.3,91.3,91.3,33.5,1.0,1.0,1.0,1.0
explore,face,20,20,400,350,weighted_5,9,0,0,15.3,47.0,47.0,47.0,19.2,1.0,1.0,1.0,1.0
explore,face,20,20,400,350,weighted_8,9,0,0,9.0,14.2,14.2,14.2,8.7,1.0,1.0,1.0,1.0
explore,face,20,20,400,350,greedy_bfs,9,0,0,7.4,14.6,14.6,14.6,8.2,1.0,1.1,1.1,1.0301
explore,face,20,20,400,350,dial500_greedy,9,0,0,56.3,145.5,145.5,145.5,69.1,1.0,1.0,1.0,1.0
explore,face,20,20,400,350,dial1000_greedy,9,0,0,56.9,141.8,141.8,141.8,66.4,1.0,1.0,1.0,1.0
explore,galaxy,40,40,1600,1442,astar_heap,38,0,0,764.6,1413.5,1510.5,1510.5,733.7,1.0,1.0,1.0,1.0
explore,galaxy,40,40,1600,1442,dial_exact,38,0,0,856.8,950.8,955.8,955.8,629.1,1.0,1.0,1.0,1.0
explore,galaxy,40,40,1600,1442,weighted_3,38,0,0,371.9,965.7,1004.8,1004.8,426.6,1.0,1.0,1.0,1.0
explore,galaxy,40,40,1600,1442,weighted_5,38,0,0,124.4,435.5,437.5,437.5,166.6,1.0,1.0,1.0,1.0
explore,galaxy,40,40,1600,1442,weighted_8,38,0,0,33.8,59.0,64.4,64.4,33.7,1.0,1.0,1.0059,1.0002
explore,galaxy,40,40,1600,1442,greedy_bfs,40,0,0,27.7,51.7,57.6,57.6,27.7,1.0059,1.0526,1.0743,1.0094
explore,galaxy,40,40,1600,1442,dial500_greedy,38,0,0,363.3,444.7,746.4,746.4,325.7,1.0,1.0,1.0,1.0
explore,galaxy,40,40,1600,1442,dial1000_greedy,38,0,0,711.5,799.4,949.9,949.9,552.4,1.0,1.0,1.0,1.0
explore,hooks,31,31,961,797,astar_heap,39,0,0,320.8,751.4,796.6,796.6,369.0,1.0,1.0,1.0,1.0
explore,hooks,31,31,961,797,dial_exact,43,0,0,380.1,551.2,679.2,679.2,333.3,1.0,1.0,1.0,1.0
explore,hooks,31,31,961,797,weighted_3,39,0,0,183.8,573.4,576.8,576.8,237.3,1.0,1.0,1.0,1.0
explore,hooks,31,31,961,797,weighted_5,39,0,0,72.0,284.6,329.1,329.1,104.9,1.0,1.0,1.0,1.0
explore,hooks,31,31,961,797,weighted_8,34,0,0,25.1,38.9,41.7,41.7,23.9,1.0,1.0085,1.0085,1.0005
explore,hooks,31,31,961,797,greedy_bfs,41,0,0,18.1,33.1,40.5,40.5,21.2,1.0314,1.234,1.3511,1.054
explore,hooks,31,31,961,797,dial500_greedy,43,0,0,327.7,378.9,385.6,385.6,260.8,1.0,1.0,1.0,1.0
explore,hooks,31,31,961,797,dial1000_greedy,43,0,0,385.4,581.2,897.9,897.9,354.6,1.0,1.0,1.0,1.0
explore,hourglass,27,45,1215,1011,astar_heap,500,0,0,264.0,906.0,962.5,1035.2,371.1,1.0,1.0,1.0,1.0
explore,hourglass,27,45,1215,1011,dial_exact,500,0,0,207.0,698.9,785.7,1099.6,286.4,1.0,1.0,1.0,1.0
explore,hourglass,27,45,1215,1011,weighted_3,500,0,0,282.7,892.4,1070.2,1253.5,379.0,1.0,1.0,1.0,1.0
explore,hourglass,27,45,1215,1011,weighted_5,500,0,0,371.8,748.9,883.4,1044.9,416.2,1.0,1.0,1.0,1.0
explore,hourglass,27,45,1215,1011,weighted_8,500,0,0,596.3,635.8,652.7,693.0,542.2,1.0,1.014,1.0646,1.003
explore,hourglass,27,45,1215,1011,greedy_bfs,500,0,0,179.6,231.9,256.6,276.4,179.6,1.0511,1.4664,1.6026,1.1341
explore,hourglass,27,45,1215,1011,dial500_greedy,500,0,0,312.3,361.1,393.6,418.1,322.0,1.0,1.0043,1.0083,1.0004
explore,hourglass,27,45,1215,1011,dial1000_greedy,500,0,0,313.2,684.3,744.9,809.9,372.3,1.0,1.0,1.0,1.0
explore,landscape,30,30,900,758,astar_heap,25,0,0,232.5,502.4,515.7,515.7,236.8,1.0,1.0,1.0,1.0
explore,landscape,30,30,900,758,dial_exact,25,0,0,232.6,481.9,493.0,493.0,232.4,1.0,1.0,1.0,1.0
explore,landscape,30,30,900,758,weighted_3,25,0,0,135.2,396.5,406.2,406.2,165.6,1.0,1.0,1.0,1.0
explore,landscape,30,30,900,758,weighted_5,25,0,0,66.6,271.2,279.0,279.0,102.2,1.0,1.0,1.0,1.0
explore,landscape,30,30,900,758,weighted_8,25,0,0,20.9,39.8,40.1,40.1,21.1,1.0,1.016,1.0175,1.0039
explore,landscape,30,30,900,758,greedy_bfs,25,0,0,15.3,25.5,26.3,26.3,14.2,1.0081,1.0373,1.048,1.0142
explore,landscape,30,30,900,758,dial500_greedy,25,0,0,261.1,383.9,387.9,387.9,225.0,1.0,1.01,1.0137,1.0029
explore,landscape,30,30,900,758,dial1000_greedy,25,0,0,271.2,487.5,516.6,516.6,255.0,1.0,1.0,1.0,1.0
explore,minimaze,25,25,625,446,astar_heap,33,0,0,231.8,343.5,388.0,388.0,199.8,1.0,1.0,1.0,1.0
explore,minimaze,25,25,625,446,dial_exact,33,0,0,230.4,340.0,340.3,340.3,199.6,1.0,1.0,1.0,1.0
explore,minimaze,25,25,625,446,weighted_3,33,0,0,116.6,246.4,259.1,259.1,114.7,1.0,1.0,1.0,1.0
explore,minimaze,25,25,625,446,weighted_5,33,0,0,53.7,149.7,163.2,163.2,58.8,1.0,1.0,1.0,1.0
explore,minimaze,25,25,625,446,weighted_8,33,0,0,21.0,30.9,46.3,46.3,20.4,1.0,1.0,1.0,1.0
explore,minimaze,25,25,625,446,greedy_bfs,38,0,0,19.1,39.9,44.5,44.5,19.8,1.0453,1.0904,1.0938,1.0433
explore,minimaze,25,25,625,446,dial500_greedy,33,0,0,247.0,329.3,372.7,372.7,210.1,1.0,1.0,1.0,1.0
explore,minimaze,25,25,625,446,dial1000_greedy,33,0,0,245.4,358.4,364.3,364.3,210.6,1.0,1.0,1.0,1.0
explore,pls_buy_cucats_merch,49,49,2401,2081,astar_heap,34,0,0,195.6,1361.1,1413.0,1413.0,391.0,1.0,1.0,1.0,1.0
explore,pls_buy_cucats_merch,49,49,2401,2081,dial_exact,34,0,0,253.2,1170.5,1512.9,1512.9,443.6,1.0,1.0,1.0,1.0
explore,pls_buy_cucats_merch,49,49,2401,2081,weighted_3,34,0,0,108.5,730.0,802.2,802.2,191.4,1.0,1.0,1.0,1.0
explore,pls_buy_cucats_merch,49,49,2401,2081,weighted_5,34,0,0,52.3,323.0,340.8,340.8,85.3,1.0,1.0,1.0,1.0
explore,pls_buy_cucats_merch,49,49,2401,2081,weighted_8,34,0,0,30.3,65.0,74.1,74.1,33.3,1.0,1.0085,1.0155,1.0009
explore,pls_buy_cucats_merch,49,49,2401,2081,greedy_bfs,34,0,0,25.5,53.4,68.7,68.7,27.1,1.0,1.037,1.0488,1.009
explore,pls_buy_cucats_merch,49,49,2401,2081,dial500_greedy,34,0,0,263.6,665.7,725.4,725.4,329.9,1.0,1.0,1.0,1.0
explore,pls_buy_cucats_merch,49,49,2401,2081,dial1000_greedy,34,0,0,272.6,1017.2,1040.2,1040.2,425.8,1.0,1.0,1.0,1.0
explore,shish_kebab,20,20,400,336,astar_heap,19,0,0,162.1,307.8,307.8,307.8,158.9,1.0,1.0,1.0,1.0
explore,shish_kebab,20,20,400,336,dial_exact,19,0,0,184.3,222.5,222.5,222.5,140.8,1.0,1.0,1.0,1.0
explore,shish_kebab,20,20,400,336,weighted_3,19,0,0,97.7,220.6,220.6,220.6,104.2,1.0,1.0,1.0,1.0
explore,shish_kebab,20,20,400,336,weighted_5,19,0,0,38.6,90.2,90.2,90.2,42.3,1.0,1.0,1.0,1.0
explore,shish_kebab,20,20,400,336,weighted_8,19,0,0,15.4,29.6,29.6,29.6,16.0,1.0,1.0,1.0,1.0
explore,shish_kebab,20,20,400,336,greedy_bfs,19,0,0,12.4,37.4,37.4,37.4,14.1,1.0,1.0435,1.0435,1.0117
explore,shish_kebab,20,20,400,336,dial500_greedy,19,0,0,194.2,266.3,266.3,266.3,154.5,1.0,1.0,1.0,1.0
explore,shish_kebab,20,20,400,336,dial1000_greedy,19,0,0,189.4,237.0,237.0,237.0,150.4,1.0,1.0,1.0,1.0
explore,thread_of_connection,20,20,400,304,astar_heap,39,0,0,138.5,228.7,246.5,246.5,134.9,1.0,1.0,1.0,1.0
explore,thread_of_connection,20,20,400,304,dial_exact,41,0,0,145.3,201.2,229.9,229.9,131.4,1.0,1.0,1.0,1.0
explore,thread_of_connection,20,20,400,304,weighted_3,39,0,0,90.5,182.8,208.4,208.4,92.9,1.0,1.0,1.0,1.0
explore,thread_of_connection,20,20,400,304,weighted_5,39,0,0,46.4,103.0,138.7,138.7,51.6,1.0,1.0,1.0,1.0
explore,thread_of_connection,20,20,400,304,weighted_8,39,0,0,22.0,60.3,60.4,60.4,24.1,1.0,1.0294,1.0364,1.0066
explore,thread_of_connection,20,20,400,304,greedy_bfs,42,0,0,16.9,46.9,48.9,48.9,21.2,1.015,1.058,1.186,1.0236
explore,thread_of_connection,20,20,400,304,dial500_greedy,41,0,0,146.5,200.5,237.4,237.4,135.3,1.0,1.0,1.0,1.0
explore,thread_of_connection,20,20,400,304,dial1000_greedy,41,0,0,151.2,210.0,233.5,233.5,138.3,1.0,1.0,1.0,1.0
explore,tree_of_life,39,30,1170,1041,astar_heap,30,0,0,417.5,915.4,1002.9,1002.9,434.7,1.0,1.0,1.0,1.0
explore,tree_of_life,39,30,1170,1041,dial_exact,30,0,0,433.2,673.9,683.4,683.4,377.9,1.0,1.0,1.0,1.0
explore,tree_of_life,39,30,1170,1041,weighted_3,30,0,0,225.1,775.2,889.6,889.6,296.5,1.0,1.0,1.0,1.0
explore,tree_of_life,39,30,1170,1041,weighted_5,30,0,0,124.0,482.3,497.2,497.2,169.0,1.0,1.0,1.0,1.0
explore,tree_of_life,39,30,1170,1041,weighted_8,30,0,0,21.4,43.9,45.3,45.3,23.5,1.0,1.0074,1.0233,1.001
explore,tree_of_life,39,30,1170,1041,greedy_bfs,30,0,0,23.7,48.5,68.6,68.6,25.2,1.0101,1.088,1.0909,1.0279
explore,tree_of_life,39,30,1170,1041,dial500_greedy,30,0,0,337.9,367.2,405.0,405.0,256.7,1.0116,1.037,1.038,1.0155
explore,tree_of_life,39,30,1170,1041,dial1000_greedy,30,0,0,459.8,690.8,697.8,697.8,391.5,1.0,1.0,1.0,1.0
explore,wasteland,40,40,1600,1156,astar_heap,41,0,0,847.2,1647.2,1694.0,1694.0,822.0,1.0,1.0,1.0,1.0
explore,wasteland,40,40,1600,1156,dial_exact,40,0,0,902.8,1063.7,1177.6,1177.6,655.7,1.0,1.0,1.0,1.0
explore,wasteland,40,40,1600,1156,weighted_3,41,0,0,402.4,1024.5,1099.0,1099.0,462.6,1.0,1.0,1.0,1.0
explore,wasteland,40,40,1600,1156,weighted_5,41,0,0,154.2,469.3,692.5,692.5,189.7,1.0,1.0,1.0,1.0
explore,wasteland,40,40,1600,1156,weighted_8,39,0,0,36.1,121.0,178.0,178.0,47.2,1.0,1.0,1.0074,1.0002
explore,wasteland,40,40,1600,1156,greedy_bfs,39,0,0,31.5,67.4,73.6,73.6,31.9,1.0051,1.1605,1.1912,1.0214
explore,wasteland,40,40,1600,1156,dial500_greedy,40,0,0,404.5,779.5,888.4,888.4,366.8,1.0,1.0,1.0,1.0
explore,wasteland,40,40,1600,1156,dial1000_greedy,40,0,0,729.4,1012.1,1055.6,1055.6,576.7,1.0,1.0,1.0,1.0
explore,bar_chart,35,40,1400,1032,astar_heap,19,0,0,224.3,783.5,783.5,783.5,280.1,1.0,1.0,1.0,1.0
explore,bar_chart,35,40,1400,1032,dial_exact,19,0,0,205.0,731.5,731.5,731.5,293.5,1.0,1.0,1.0,1.0
explore,bar_chart,35,40,1400,1032,weighted_3,19,0,0,119.6,391.7,391.7,391.7,156.1,1.0,1.0,1.0,1.0
explore,bar_chart,35,40,1400,1032,weighted_5,19,0,0,50.2,252.8,252.8,252.8,80.1,1.0,1.0,1.0,1.0
explore,bar_chart,35,40,1400,1032,weighted_8,19,0,0,18.0,45.0,45.0,45.0,20.4,1.0,1.0,1.0,1.0
explore,bar_chart,35,40,1400,1032,greedy_bfs,19,0,0,17.4,42.5,42.5,42.5,20.1,1.0,1.0909,1.0909,1.027
explore,bar_chart,35,40,1400,1032,dial500_greedy,19,0,0,235.3,492.6,492.6,492.6,242.6,1.0,1.0,1.0,1.0
explore,bar_chart,35,40,1400,1032,dial1000_greedy,19,0,0,238.1,797.8,797.8,797.8,319.2,1.0,1.0,1.0,1.0
explore,binary_tree,41,30,1230,1021,astar_heap,21,0,0,254.8,723.4,734.3,734.3,311.3,1.0,1.0,1.0,1.0
explore,binary_tree,41,30,1230,1021,dial_exact,21,0,0,323.9,756.0,806.7,806.7,339.2,1.0,1.0,1.0,1.0
explore,binary_tree,41,30,1230,1021,weighted_3,21,0,0,126.0,459.4,632.4,632.4,189.0,1.0,1.0,1.0,1.0
explore,binary_tree,41,30,1230,1021,weighted_5,21,0,0,63.1,245.8,253.7,253.7,87.1,1.0,1.0,1.0,1.0
explore,binary_tree,41,30,1230,1021,weighted_8,21,0,0,19.3,32.3,35.4,35.4,20.0,1.0,1.0,1.0,1.0
explore,binary_tree,41,30,1230,1021,greedy_bfs,21,0,0,16.4,28.9,35.0,35.0,17.3,1.0,1.0814,1.0948,1.0285
explore,binary_tree,41,30,1230,1021,dial500_greedy,21,0,0,302.7,388.1,396.0,396.0,234.6,1.0,1.0345,1.0364,1.0057
explore,binary_tree,41,30,1230,1021,dial1000_greedy,21,0,0,357.0,842.9,879.2,879.2,390.8,1.0,1.0,1.0,1.0
explore,butterfly,31,31,961,633,astar_heap,500,0,0,48.6,78.1,364.8,409.9,59.5,1.0,1.0,1.0,1.0
explore,butterfly,31,31,961,633,dial_exact,500,0,0,45.1,70.9,329.4,369.2,54.3,1.0,1.0,1.0,1.0
explore,butterfly,31,31,961,633,weighted_3,500,0,0,50.0,78.7,254.9,285.5,57.5,1.0,1.0,1.0,1.0
explore,butterfly,31,31,961,633,weighted_5,500,0,0,50.7,80.3,155.1,202.1,56.1,1.0,1.0,1.0,1.0
explore,butterfly,31,31,961,633,weighted_8,500,0,0,66.3,97.7,123.1,161.7,70.1,1.0,1.0131,1.0131,1.0014
explore,butterfly,31,31,961,633,greedy_bfs,500,0,0,33.8,64.7,85.4,139.2,37.7,1.0683,1.2627,1.3215,1.0903
explore,butterfly,31,31,961,633,dial500_greedy,500,0,0,48.9,78.0,341.0,394.2,59.5,1.0,1.0,1.0,1.0
explore,butterfly,31,31,961,633,dial1000_greedy,500,0,0,48.8,78.3,351.4,370.7,60.2,1.0,1.0,1.0,1.0
explore,cold,37,37,1369,1138,astar_heap,12,0,0,154.2,332.9,332.9,332.9,135.9,1.0,1.0,1.0,1.0
explore,cold,37,37,1369,1138,dial_exact,12,0,0,131.0,410.9,410.9,410.9,151.4,1.0,1.0,1.0,1.0
explore,cold,37,37,1369,1138,weighted_3,12,0,0,61.8,180.7,180.7,180.7,71.2,1.0,1.0,1.0,1.0
explore,cold,37,37,1369,1138,weighted_5,12,0,0,31.7,91.3,91.3,91.3,37.6,1.0,1.0,1.0,1.0
explore,cold,37,37,1369,1138,weighted_8,12,0,0,14.0,23.6,23.6,23.6,14.0,1.0,1.0,1.0,1.0
explore,cold,37,37,1369,1138,greedy_bfs,13,0,0,11.6,39.7,39.7,39.7,14.1,1.0,1.0784,1.0784,1.0259
explore,cold,37,37,1369,1138,dial500_greedy,12,0,0,138.9,371.7,371.7,371.7,157.6,1.0,1.0,1.0,1.0
explore,cold,37,37,1369,1138,dial1000_greedy,12,0,0,174.2,462.0,462.0,462.0,168.6,1.0,1.0,1.0,1.0
explore,cubes,50,50,2500,1944,astar_heap,71,0,0,371.3,1714.1,1993.1,1993.1,565.0,1.0,1.0,1.0,1.0
explore,cubes,50,50,2500,1944,dial_exact,73,0,0,440.6,1364.1,1558.6,1558.6,555.8,1.0,1.0,1.0,1.0
explore,cubes,50,50,2500,1944,weighted_3,71,0,0,200.1,971.8,1106.3,1106.3,296.1,1.0,1.0,1.0,1.0
explore,cubes,50,50,2500,1944,weighted_5,71,0,0,109.2,445.6,562.4,562.4,157.0,1.0,1.0,1.0,1.0
explore,cubes,50,50,2500,1944,weighted_8,73,0,0,61.5,215.9,280.3,280.3,87.4,1.0,1.0204,1.0533,1.0021
explore,cubes,50,50,2500,1944,greedy_bfs,103,0,0,72.8,137.8,192.0,194.9,74.4,1.0295,1.5233,1.8129,1.106
explore,cubes,50,50,2500,1944,dial500_greedy,73,0,0,450.9,563.6,581.2,581.2,386.5,1.0,1.0,1.0,1.0
explore,cubes,50,50,2500,1944,dial1000_greedy,73,0,0,474.6,999.3,1172.9,1172.9,500.0,1.0,1.0,1.0,1.0
explore,gaussian,35,20,700,599,astar_heap,19,0,0,201.2,291.9,291.9,291.9,157.2,1.0,1.0,1.0,1.0
explore,gaussian,35,20,700,599,dial_exact,19,0,0,232.0,430.6,430.6,430.6,185.5,1.0,1.0,1.0,1.0
explore,gaussian,35,20,700,599,weighted_3,19,0,0,95.7,154.4,154.4,154.4,82.3,1.0,1.0,1.0,1.0
explore,gaussian,35,20,700,599,weighted_5,19,0,0,34.9,84.9,84.9,84.9,38.6,1.0,1.0,1.0,1.0
explore,gaussian,35,20,700,599,weighted_8,21,0,0,18.2,26.8,43.9,43.9,18.2,1.0,1.0573,1.0577,1.0055
explore,gaussian,35,20,700,599,greedy_bfs,28,0,0,15.3,23.1,25.6,25.6,14.6,1.0,1.1897,1.2095,1.0423
explore,gaussian,35,20,700,599,dial500_greedy,19,0,0,236.6,322.2,322.2,322.2,186.7,1.0,1.0,1.0,1.0
explore,gaussian,35,20,700,599,dial1000_greedy,19,0,0,235.2,296.3,296.3,296.3,180.3,1.0,1.0,1.0,1.0
explore,git_branches,50,35,1750,1352,astar_heap,37,0,0,563.5,1459.8,1517.1,1517.1,642.6,1.0,1.0,1.0,1.0
explore,git_branches,50,35,1750,1352,dial_exact,37,0,0,657.8,1103.2,1131.9,1131.9,592.9,1.0,1.0,1.0,1.0
explore,git_branches,50,35,1750,1352,weighted_3,37,0,0,368.3,1113.0,1249.8,1249.8,434.1,1.0,1.0,1.0,1.0
explore,git_branches,50,35,1750,1352,weighted_5,37,0,0,228.9,883.3,973.8,973.8,321.3,1.0,1.0,1.0,1.0
explore,git_branches,50,35,1750,1352,weighted_8,37,0,0,40.6,71.3,96.4,96.4,39.3,1.0,1.0,1.0,1.0
explore,git_branches,50,35,1750,1352,greedy_bfs,37,0,0,21.7,47.0,67.3,67.3,22.6,1.0,1.0235,1.0275,1.0023
explore,git_branches,50,35,1750,1352,dial500_greedy,37,0,0,386.9,503.6,527.4,527.4,321.8,1.0192,1.0342,1.0357,1.0157
explore,git_branches,50,35,1750,1352,dial1000_greedy,37,0,0,680.0,832.4,880.8,880.8,525.0,1.0,1.0236,1.0243,1.0069
explore,mandelbrot,50,41,2050,1692,astar_heap,41,0,0,943.1,1389.5,1448.3,1448.3,786.6,1.0,1.0,1.0,1.0
explore,mandelbrot,50,41,2050,1692,dial_exact,41,0,0,867.4,1398.5,1541.9,1541.9,795.7,1.0,1.0,1.0,1.0
explore,mandelbrot,50,41,2050,1692,weighted_3,41,0,0,442.3,1034.8,1179.4,1179.4,527.0,1.0,1.0,1.0,1.0
explore,mandelbrot,50,41,2050,1692,weighted_5,41,0,0,249.0,742.0,765.5,765.5,333.2,1.0,1.0,1.0,1.0
explore,mandelbrot,50,41,2050,1692,weighted_8,41,0,0,45.7,85.4,94.7,94.7,48.0,1.0,1.0,1.0,1.0
explore,mandelbrot,50,41,2050,1692,greedy_bfs,49,0,0,27.8,58.3,60.7,60.7,32.0,1.0152,1.0645,1.1,1.0195
explore,mandelbrot,50,41,2050,1692,dial500_greedy,41,0,0,457.6,556.5,612.4,612.4,402.0,1.0,1.0,1.0,1.0
explore,mandelbrot,50,41,2050,1692,dial1000_greedy,41,0,0,872.1,1005.6,1035.2,1035.2,666.5,1.0,1.0,1.0,1.0
explore,pixel_forest,45,25,1125,874,astar_heap,45,0,0,743.0,879.1,893.1,893.1,570.5,1.0,1.0,1.0,1.0
explore,pixel_forest,45,25,1125,874,dial_exact,45,0,0,605.2,984.9,1274.2,1274.2,518.3,1.0,1.0,1.0,1.0
explore,pixel_forest,45,25,1125,874,weighted_3,45,0,0,609.6,939.9,1008.5,1008.5,514.7,1.0,1.0,1.0,1.0
explore,pixel_forest,45,25,1125,874,weighted_5,45,0,0,322.3,797.0,888.4,888.4,349.2,1.0,1.0,1.0,1.0
explore,pixel_forest,45,25,1125,874,weighted_8,44,0,0,33.5,59.7,72.1,72.1,34.4,1.0,1.0055,1.0059,1.0005
explore,pixel_forest,45,25,1125,874,greedy_bfs,50,0,0,32.0,50.8,60.3,60.3,31.1,1.0498,1.0757,1.0844,1.0466
explore,pixel_forest,45,25,1125,874,dial500_greedy,45,0,0,348.3,450.2,677.4,677.4,317.6,1.023,1.0483,1.0515,1.022
explore,pixel_forest,45,25,1125,874,dial1000_greedy,45,0,0,635.2,730.7,799.6,799.6,500.4,1.0,1.0,1.0,1.0
explore,settlement,50,38,1900,1614,astar_heap,43,0,0,1165.9,1862.6,1897.6,1897.6,1055.8,1.0,1.0,1.0,1.0
explore,settlement,50,38,1900,1614,dial_exact,43,0,0,1254.9,1456.2,1731.2,1731.2,930.6,1.0,1.0,1.0,1.0
explore,settlement,50,38,1900,1614,weighted_3,43,0,0,667.7,1843.6,1975.2,1975.2,824.8,1.0,1.0,1.0,1.0
explore,settlement,50,38,1900,1614,weighted_5,43,0,0,353.3,1239.9,1396.2,1396.2,470.0,1.0,1.0,1.0,1.0
explore,settlement,50,38,1900,1614,weighted_8,43,0,0,39.6,78.0,140.9,140.9,42.9,1.0,1.0,1.0,1.0
explore,settlement,50,38,1900,1614,greedy_bfs,45,0,0,51.0,90.8,101.9,101.9,48.0,1.07,1.0902,1.1263,1.054
explore,settlement,50,38,1900,1614,dial500_greedy,43,0,0,466.7,529.9,570.0,570.0,403.4,1.0372,1.0565,1.058,1.0293
explore,settlement,50,38,1900,1614,dial1000_greedy,43,0,0,885.2,1133.9,1189.5,1189.5,736.5,1.0149,1.0367,1.0381,1.0156
explore,sierpinski_evil,31,31,961,659,astar_heap,24,0,0,286.8,751.9,764.9,764.9,342.4,1.0,1.0,1.0,1.0
explore,sierpinski_evil,31,31,961,659,dial_exact,24,0,0,392.3,575.3,605.8,605.8,319.3,1.0,1.0,1.0,1.0
explore,sierpinski_evil,31,31,961,659,weighted_3,24,0,0,159.7,710.8,790.6,790.6,244.3,1.0,1.0,1.0,1.0
explore,sierpinski_evil,31,31,961,659,weighted_5,24,0,0,75.6,350.9,402.3,402.3,112.7,1.0,1.0,1.0,1.0
explore,sierpinski_evil,31,31,961,659,weighted_8,24,0,0,16.6,33.3,35.7,35.7,18.4,1.0,1.0,1.0,1.0
explore,sierpinski_evil,31,31,961,659,greedy_bfs,26,0,0,17.5,36.0,40.4,40.4,19.2,1.0419,1.0851,1.0892,1.0315
explore,sierpinski_evil,31,31,961,659,dial500_greedy,24,0,0,319.0,362.1,381.6,381.6,222.1,1.0,1.0296,1.0308,1.0082
explore,sierpinski_evil,31,31,961,659,dial1000_greedy,24,0,0,328.9,557.9,579.2,579.2,295.0,1.0,1.0,1.0,1.0
explore,socket,50,20,1000,632,astar_heap,81,0,0,355.6,638.4,694.5,694.5,331.7,1.0,1.0,1.0,1.0
explore,socket,50,20,1000,632,dial_exact,87,0,0,330.6,516.1,562.0,562.0,304.2,1.0,1.0,1.0,1.0
explore,socket,50,20,1000,632,weighted_3,81,0,0,220.8,491.7,530.2,530.2,228.5,1.0,1.0,1.0,1.0
explore,socket,50,20,1000,632,weighted_5,81,0,0,136.7,330.9,365.2,365.2,149.0,1.0,1.0,1.0,1.0
explore,socket,50,20,1000,632,weighted_8,82,0,0,37.7,175.0,207.6,207.6,63.1,1.0,1.0496,1.0548,1.0055
explore,socket,50,20,1000,632,greedy_bfs,92,0,0,23.9,128.9,156.5,156.5,45.7,1.0341,1.0733,1.1763,1.04
explore,socket,50,20,1000,632,dial500_greedy,500,460,0,332.3,372.8,391.6,424.2,336.8,1.0,1.0,1.0,1.0
explore,socket,50,20,1000,632,dial1000_greedy,87,0,0,332.6,553.6,564.5,564.5,319.8,1.0,1.0,1.0,1.0
explore,starry_night,50,41,2050,1730,astar_heap,9,0,0,69.5,251.3,251.3,251.3,101.3,1.0,1.0,1.0,1.0
explore,starry_night,50,41,2050,1730,dial_exact,9,0,0,115.7,378.6,378.6,378.6,142.1,1.0,1.0,1.0,1.0
explore,starry_night,50,41,2050,1730,weighted_3,9,0,0,46.3,213.1,213.1,213.1,68.7,1.0,1.0,1.0,1.0
explore,starry_night,50,41,2050,1730,weighted_5,9,0,0,15.7,59.6,59.6,59.6,23.3,1.0,1.0,1.0,1.0
explore,starry_night,50,41,2050,1730,weighted_8,9,0,0,15.6,24.0,24.0,24.0,15.6,1.0,1.0,1.0,1.0
explore,starry_night,50,41,2050,1730,greedy_bfs,9,0,0,13.6,21.5,21.5,21.5,13.7,1.0,1.0,1.0,1.0
explore,starry_night,50,41,2050,1730,dial500_greedy,9,0,0,102.7,365.7,365.7,365.7,143.8,1.0,1.0,1.0,1.0
explore,starry_night,50,41,2050,1730,dial1000_greedy,9,0,0,104.5,384.7,384.7,384.7,143.5,1.0,1.0,1.0,1.0
explore,tiles,40,30,1200,808,astar_heap,38,0,0,277.9,702.6,1063.4,1063.4,340.9,1.0,1.0,1.0,1.0
explore,tiles,40,30,1200,808,dial_exact,38,0,0,377.5,599.0,685.6,685.6,308.3,1.0,1.0,1.0,1.0
explore,tiles,40,30,1200,808,weighted_3,38,0,0,153.2,394.6,397.3,397.3,179.1,1.0,1.0,1.0,1.0
explore,tiles,40,30,1200,808,weighted_5,38,0,0,62.3,243.1,247.2,247.2,101.3,1.0,1.0,1.0,1.0
explore,tiles,40,30,1200,808,weighted_8,38,0,0,25.2,42.8,44.0,44.0,25.1,1.0,1.0105,1.0177,1.0012
explore,tiles,40,30,1200,808,greedy_bfs,44,0,0,19.3,28.4,46.4,46.4,19.0,1.0136,1.087,1.1304,1.028
explore,tiles,40,30,1200,808,dial500_greedy,38,0,0,262.1,383.5,525.0,525.0,246.1,1.0,1.0132,1.019,1.0016
explore,tiles,40,30,1200,808,dial1000_greedy,38,0,0,303.8,555.8,590.8,590.8,289.7,1.0,1.0,1.0,1.0
explore,wasteland_oasis,40,40,1600,960,astar_heap,37,0,0,788.5,1113.7,1216.1,1216.1,633.6,1.0,1.0,1.0,1.0
explore,wasteland_oasis,40,40,1600,960,dial_exact,37,0,0,744.2,905.4,989.5,989.5,552.2,1.0,1.0,1.0,1.0
explore,wasteland_oasis,40,40,1600,960,weighted_3,37,0,0,363.4,756.5,866.6,866.6,341.1,1.0,1.0,1.0,1.0
explore,wasteland_oasis,40,40,1600,960,weighted_5,37,0,0,146.5,365.0,377.7,377.7,141.2,1.0,1.0,1.0,1.0
explore,wasteland_oasis,40,40,1600,960,weighted_8,37,0,0,35.0,58.9,74.1,74.1,32.7,1.0,1.022,1.0253,1.0023
explore,wasteland_oasis,40,40,1600,960,greedy_bfs,40,0,0,29.4,60.3,61.8,61.8,28.0,1.0245,1.1398,1.1618,1.0287
explore,wasteland_oasis,40,40,1600,960,dial500_greedy,37,0,0,383.6,462.3,479.2,479.2,325.0,1.0,1.0,1.0,1.0
explore,wasteland_oasis,40,40,1600,960,dial1000_greedy,37,0,0,725.6,865.8,885.7,885.7,537.6,1.0,1.0,1.0,1.0
