map,width,height,n,passable,scenario,n_roads,technique,weight,t_p50,t_p95,t_max,t_mean,exp_mean,o_mean,o_p95,o_max,nopath
arena,25,25,625,570,no_roads,0,dial_exact,0,196.6,338.3,421.4,190.0,294,1.0,1.0,1.0,0
arena,25,25,625,570,no_roads,0,astar_w1,1,197.9,429.1,550.4,211.1,240,1.0,1.0,1.0,0
arena,25,25,625,570,no_roads,0,astar_w3,3,117.6,310.2,418.8,131.9,142,1.0,1.0,1.0,0
arena,25,25,625,570,no_roads,0,astar_w5,5,46.0,145.7,285.6,55.8,52,1.0,1.0,1.0,0
arena,25,25,625,570,no_roads,0,astar_w_avg,5,42.1,155.7,256.7,56.8,52,1.0,1.0,1.0,0
arena,25,25,625,570,no_roads,0,astar_w_min,5,43.9,150.0,296.9,55.0,52,1.0,1.0,1.0,0
arena,25,25,625,570,no_roads,0,greedy,0,17.2,31.5,40.4,17.3,13,1.0845,1.3067,1.6579,0
arena,25,25,625,570,with_roads,31,dial_exact,0,195.4,335.1,376.2,189.0,292,1.0,1.0,1.0,0
arena,25,25,625,570,with_roads,31,astar_w1,1,189.0,424.7,649.0,201.5,219,1.0,1.0,1.0,0
arena,25,25,625,570,with_roads,31,astar_w3,3,78.4,256.3,360.9,98.6,98,1.0005,1.0,1.08,0
arena,25,25,625,570,with_roads,31,astar_w5,5,26.9,93.9,193.2,38.3,33,1.0582,1.2857,1.625,0
arena,25,25,625,570,with_roads,31,astar_w_avg,4,52.5,181.9,284.7,68.3,60,1.0037,1.0,1.3878,0
arena,25,25,625,570,with_roads,31,astar_w_min,1,186.8,417.0,464.5,195.5,219,1.0,1.0,1.0,0
arena,25,25,625,570,with_roads,31,greedy,0,17.4,30.7,41.6,17.1,13,1.2774,1.8654,2.6471,0
battlebot,21,29,609,456,no_roads,0,dial_exact,0,142.4,291.4,334.3,150.5,226,1.0,1.0,1.0,0
battlebot,21,29,609,456,no_roads,0,astar_w1,1,152.6,344.7,500.6,166.0,196,1.0,1.0,1.0,0
battlebot,21,29,609,456,no_roads,0,astar_w3,3,87.7,342.0,408.5,121.4,136,1.0,1.0,1.0,0
battlebot,21,29,609,456,no_roads,0,astar_w5,5,40.6,305.0,421.7,70.8,71,1.0,1.0,1.0,0
battlebot,21,29,609,456,no_roads,0,astar_w_avg,5,39.8,308.4,582.5,72.3,71,1.0,1.0,1.0,0
battlebot,21,29,609,456,no_roads,0,astar_w_min,5,41.1,320.8,417.5,71.8,71,1.0,1.0,1.0,0
battlebot,21,29,609,456,no_roads,0,greedy,0,17.6,204.4,239.5,35.7,47,1.1681,1.6147,4.8041,0
battlebot,21,29,609,456,with_roads,46,dial_exact,0,143.5,275.9,305.9,146.9,222,1.0,1.0,1.0,0
battlebot,21,29,609,456,with_roads,46,astar_w1,1,127.3,345.0,393.8,150.1,171,1.0,1.0,1.0,0
battlebot,21,29,609,456,with_roads,46,astar_w3,3,56.8,344.8,527.7,94.6,98,1.0152,1.1087,1.5926,0
battlebot,21,29,609,456,with_roads,46,astar_w5,5,29.6,406.2,952.8,68.3,66,1.1237,1.7,3.0,0
battlebot,21,29,609,456,with_roads,46,astar_w_avg,4,42.2,358.3,582.5,73.4,76,1.0376,1.2791,1.6697,0
battlebot,21,29,609,456,with_roads,46,astar_w_min,1,122.5,343.6,455.7,148.3,171,1.0,1.0,1.0,0
battlebot,21,29,609,456,with_roads,46,greedy,0,16.8,199.2,245.9,34.1,47,1.5808,2.7981,7.0866,0
chemistry_class,40,40,1600,1434,no_roads,0,dial_exact,0,537.6,924.9,999.0,506.7,740,1.0,1.0,1.0,0
chemistry_class,40,40,1600,1434,no_roads,0,astar_w1,1,557.8,1466.7,2028.7,635.5,625,1.0,1.0,1.0,0
chemistry_class,40,40,1600,1434,no_roads,0,astar_w3,3,319.4,1155.6,1477.4,417.3,385,1.0,1.0,1.0,0
chemistry_class,40,40,1600,1434,no_roads,0,astar_w5,5,113.6,472.4,656.3,161.6,138,1.0,1.0,1.0,0
chemistry_class,40,40,1600,1434,no_roads,0,astar_w_avg,5,112.4,470.2,722.9,166.2,138,1.0,1.0,1.0,0
chemistry_class,40,40,1600,1434,no_roads,0,astar_w_min,5,114.3,471.0,756.7,166.1,138,1.0,1.0,1.0,0
chemistry_class,40,40,1600,1434,no_roads,0,greedy,0,30.8,61.5,96.6,32.9,25,1.1129,1.4711,2.3778,0
chemistry_class,40,40,1600,1434,with_roads,65,dial_exact,0,512.5,897.4,1476.4,503.1,743,1.0,1.0,1.0,0
chemistry_class,40,40,1600,1434,with_roads,65,astar_w1,1,498.4,1236.6,1498.2,550.0,569,1.0,1.0,1.0,0
chemistry_class,40,40,1600,1434,with_roads,65,astar_w3,3,207.1,963.4,1454.1,322.7,278,1.0037,1.0286,1.1546,0
chemistry_class,40,40,1600,1434,with_roads,65,astar_w5,5,79.3,421.9,1021.3,138.8,107,1.0769,1.3947,2.2403,0
chemistry_class,40,40,1600,1434,with_roads,65,astar_w_avg,4,118.9,708.3,1619.6,198.2,179,1.0124,1.0755,1.3303,0
chemistry_class,40,40,1600,1434,with_roads,65,astar_w_min,1,498.6,1259.6,1755.2,550.2,569,1.0,1.0,1.0,0
chemistry_class,40,40,1600,1434,with_roads,65,greedy,0,28.4,59.0,117.2,32.0,25,1.4284,2.3611,3.3026,0
cinnamon_roll,30,30,900,712,no_roads,0,dial_exact,0,228.7,405.5,503.3,226.1,349,1.0,1.0,1.0,0
cinnamon_roll,30,30,900,712,no_roads,0,astar_w1,1,238.5,542.0,840.0,255.5,289,1.0,1.0,1.0,0
cinnamon_roll,30,30,900,712,no_roads,0,astar_w3,3,142.5,384.3,582.3,160.1,176,1.0,1.0,1.0,0
cinnamon_roll,30,30,900,712,no_roads,0,astar_w5,5,52.9,181.6,297.2,70.6,68,1.0,1.0,1.0,0
cinnamon_roll,30,30,900,712,no_roads,0,astar_w_avg,5,53.3,190.7,279.7,70.3,68,1.0,1.0,1.0,0
cinnamon_roll,30,30,900,712,no_roads,0,astar_w_min,5,52.3,175.1,306.5,70.2,68,1.0,1.0,1.0,0
cinnamon_roll,30,30,900,712,no_roads,0,greedy,0,20.4,40.4,87.0,22.2,20,1.1418,1.5876,1.8204,0
cinnamon_roll,30,30,900,712,with_roads,41,dial_exact,0,216.9,414.8,439.4,228.7,359,1.0,1.0,1.0,0
cinnamon_roll,30,30,900,712,with_roads,41,astar_w1,1,220.8,550.7,663.7,245.4,280,1.0,1.0,1.0,0
cinnamon_roll,30,30,900,712,with_roads,41,astar_w3,3,104.3,374.5,606.1,145.1,150,1.0067,1.042,1.3636,0
cinnamon_roll,30,30,900,712,with_roads,41,astar_w5,5,42.5,139.6,280.7,56.9,50,1.0521,1.281,1.6522,0
cinnamon_roll,30,30,900,712,with_roads,41,astar_w_avg,4,71.8,261.8,491.1,98.0,94,1.0185,1.1262,1.3696,0
cinnamon_roll,30,30,900,712,with_roads,41,astar_w_min,1,226.1,546.8,634.5,242.4,280,1.0,1.0,1.0,0
cinnamon_roll,30,30,900,712,with_roads,41,greedy,0,22.3,49.2,85.7,24.2,20,1.3359,2.1845,4.2647,0
corridors,31,31,961,748,no_roads,0,dial_exact,0,254.4,449.9,644.1,243.2,371,1.0,1.0,1.0,0
corridors,31,31,961,748,no_roads,0,astar_w1,1,262.9,623.2,743.9,277.5,321,1.0,1.0,1.0,0
corridors,31,31,961,748,no_roads,0,astar_w3,3,154.2,591.9,739.0,206.2,225,1.0,1.0,1.0,0
corridors,31,31,961,748,no_roads,0,astar_w5,5,87.0,405.7,690.5,130.2,126,1.0,1.0,1.0,0
corridors,31,31,961,748,no_roads,0,astar_w_avg,5,88.1,411.5,717.6,131.0,126,1.0,1.0,1.0,0
corridors,31,31,961,748,no_roads,0,astar_w_min,5,87.3,399.6,763.3,131.1,126,1.0,1.0,1.0,0
corridors,31,31,961,748,no_roads,0,greedy,0,37.0,131.5,188.9,48.6,59,1.1225,1.7224,2.4018,0
corridors,31,31,961,748,with_roads,79,dial_exact,0,251.0,445.8,510.8,248.2,381,1.0,1.0,1.0,0
corridors,31,31,961,748,with_roads,79,astar_w1,1,259.9,643.4,819.7,287.8,299,1.0,1.0,1.0,0
corridors,31,31,961,748,with_roads,79,astar_w3,3,131.9,503.6,671.0,167.0,180,1.0066,1.0226,1.3926,0
corridors,31,31,961,748,with_roads,79,astar_w5,5,66.0,332.5,684.4,112.7,111,1.0857,1.4923,2.25,0
corridors,31,31,961,748,with_roads,79,astar_w_avg,4,103.8,398.2,648.2,133.0,140,1.0305,1.2512,1.8633,0
corridors,31,31,961,748,with_roads,79,astar_w_min,1,239.9,608.9,781.8,270.1,299,1.0,1.0,1.0,0
corridors,31,31,961,748,with_roads,79,greedy,0,35.6,123.5,163.5,47.6,59,1.525,3.1017,4.3298,0
default_large1,40,40,1600,1444,no_roads,0,dial_exact,0,516.2,920.1,1182.2,504.9,743,1.0,1.0,1.0,0
default_large1,40,40,1600,1444,no_roads,0,astar_w1,1,539.3,1339.1,1692.9,605.0,611,1.0,1.0,1.0,0
default_large1,40,40,1600,1444,no_roads,0,astar_w3,3,304.5,976.0,1230.9,380.1,359,1.0,1.0,1.0,0
default_large1,40,40,1600,1444,no_roads,0,astar_w5,5,105.3,408.8,996.3,149.8,123,1.0,1.0,1.0,0
default_large1,40,40,1600,1444,no_roads,0,astar_w_avg,5,101.0,408.1,985.1,149.1,123,1.0,1.0,1.0,0
default_large1,40,40,1600,1444,no_roads,0,astar_w_min,5,104.5,421.0,958.8,148.8,123,1.0,1.0,1.0,0
default_large1,40,40,1600,1444,no_roads,0,greedy,0,30.6,58.2,185.6,32.9,24,1.1001,1.3275,2.0877,0
default_large1,40,40,1600,1444,with_roads,80,dial_exact,0,543.9,927.4,1048.6,523.3,762,1.0,1.0,1.0,0
default_large1,40,40,1600,1444,with_roads,80,astar_w1,1,427.6,1061.0,1297.9,492.9,505,1.0,1.0,1.0,0
default_large1,40,40,1600,1444,with_roads,80,astar_w3,3,136.5,502.6,1664.3,185.3,171,1.0079,1.0618,1.2353,0
default_large1,40,40,1600,1444,with_roads,80,astar_w5,5,60.2,235.3,634.7,86.6,68,1.1876,1.705,2.1554,0
default_large1,40,40,1600,1444,with_roads,80,astar_w_avg,4,99.7,358.5,616.4,127.2,111,1.0387,1.2318,1.5317,0
default_large1,40,40,1600,1444,with_roads,80,astar_w_min,1,419.3,1063.5,1396.6,487.6,505,1.0,1.0,1.0,0
default_large1,40,40,1600,1444,with_roads,80,greedy,0,28.1,57.3,122.4,31.2,24,1.6058,2.6452,4.1875,0
default_large2,50,30,1500,1266,no_roads,0,dial_exact,0,462.3,801.7,823.8,439.8,650,1.0,1.0,1.0,0
default_large2,50,30,1500,1266,no_roads,0,astar_w1,1,489.5,1153.6,1271.0,544.5,554,1.0,1.0,1.0,0
default_large2,50,30,1500,1266,no_roads,0,astar_w3,3,295.2,1083.5,1205.1,388.5,355,1.0,1.0,1.0,0
default_large2,50,30,1500,1266,no_roads,0,astar_w5,5,124.5,509.0,859.3,175.2,148,1.0,1.0,1.0,0
default_large2,50,30,1500,1266,no_roads,0,astar_w_avg,5,124.7,502.3,873.1,175.7,148,1.0,1.0,1.0,0
default_large2,50,30,1500,1266,no_roads,0,astar_w_min,5,131.3,522.6,916.7,176.1,148,1.0,1.0,1.0,0
default_large2,50,30,1500,1266,no_roads,0,greedy,0,32.5,86.6,174.5,37.0,35,1.1255,1.5296,2.608,0
default_large2,50,30,1500,1266,with_roads,82,dial_exact,0,436.4,812.5,1394.5,441.5,641,1.0,1.0,1.0,0
default_large2,50,30,1500,1266,with_roads,82,astar_w1,1,354.9,957.8,1226.7,425.0,440,1.0,1.0,1.0,0
default_large2,50,30,1500,1266,with_roads,82,astar_w3,3,152.1,626.8,1246.5,208.7,193,1.0063,1.0196,1.243,0
default_large2,50,30,1500,1266,with_roads,82,astar_w5,5,78.3,406.4,924.3,127.1,102,1.1899,1.8,2.3247,0
default_large2,50,30,1500,1266,with_roads,82,astar_w_avg,4,126.1,569.2,867.4,179.0,141,1.0459,1.3989,1.6733,0
default_large2,50,30,1500,1266,with_roads,82,astar_w_min,1,380.0,982.1,1322.8,439.8,440,1.0,1.0,1.0,0
default_large2,50,30,1500,1266,with_roads,82,greedy,0,32.5,90.8,133.8,37.9,35,1.8187,3.3365,7.2254,0
default_medium1,30,30,900,816,no_roads,0,dial_exact,0,250.8,510.6,551.8,267.3,409,1.0,1.0,1.0,0
default_medium1,30,30,900,816,no_roads,0,astar_w1,1,279.6,689.1,1074.1,318.3,337,1.0,1.0,1.0,0
default_medium1,30,30,900,816,no_roads,0,astar_w3,3,167.5,528.8,770.2,198.9,198,1.0,1.0,1.0,0
default_medium1,30,30,900,816,no_roads,0,astar_w5,5,62.4,236.9,432.9,84.0,71,1.0,1.0,1.0,0
default_medium1,30,30,900,816,no_roads,0,astar_w_avg,5,61.6,239.3,434.5,82.6,71,1.0,1.0,1.0,0
default_medium1,30,30,900,816,no_roads,0,astar_w_min,5,59.3,256.9,394.0,81.8,71,1.0,1.0,1.0,0
default_medium1,30,30,900,816,no_roads,0,greedy,0,22.5,47.2,97.2,24.2,17,1.1125,1.4383,1.6514,0
default_medium1,30,30,900,816,with_roads,35,dial_exact,0,283.4,520.4,593.2,277.3,416,1.0,1.0,1.0,0
default_medium1,30,30,900,816,with_roads,35,astar_w1,1,300.1,693.2,918.3,321.2,326,1.0,1.0,1.0,0
default_medium1,30,30,900,816,with_roads,35,astar_w3,3,134.3,481.4,638.9,173.7,174,1.0036,1.0061,1.2051,0
default_medium1,30,30,900,816,with_roads,35,astar_w5,5,46.0,188.7,419.8,64.9,57,1.037,1.1977,2.0811,0
default_medium1,30,30,900,816,with_roads,35,astar_w_avg,4,88.6,322.2,604.4,119.9,118,1.0096,1.1034,1.2051,0
default_medium1,30,30,900,816,with_roads,35,astar_w_min,1,268.6,639.7,786.0,297.7,326,1.0,1.0,1.0,0
default_medium1,30,30,900,816,with_roads,35,greedy,0,19.9,43.0,74.4,21.6,17,1.2014,1.7784,2.5806,0
default_medium2,30,30,900,814,no_roads,0,dial_exact,0,310.6,476.6,553.6,280.5,439,1.0,1.0,1.0,0
default_medium2,30,30,900,814,no_roads,0,astar_w1,1,331.2,673.5,841.9,329.1,364,1.0,1.0,1.0,0
default_medium2,30,30,900,814,no_roads,0,astar_w3,3,200.0,485.3,615.0,209.3,217,1.0,1.0,1.0,0
default_medium2,30,30,900,814,no_roads,0,astar_w5,5,70.2,217.4,505.5,86.9,76,1.0,1.0,1.0,0
default_medium2,30,30,900,814,no_roads,0,astar_w_avg,5,67.2,199.8,509.0,84.0,76,1.0,1.0,1.0,0
default_medium2,30,30,900,814,no_roads,0,astar_w_min,5,70.6,214.1,514.9,85.6,76,1.0,1.0,1.0,0
default_medium2,30,30,900,814,no_roads,0,greedy,0,23.0,43.1,63.9,23.3,18,1.136,1.4606,1.6562,0
default_medium2,30,30,900,814,with_roads,56,dial_exact,0,289.9,475.7,521.6,272.0,429,1.0,1.0,1.0,0
default_medium2,30,30,900,814,with_roads,56,astar_w1,1,287.6,638.0,861.4,301.4,324,1.0,1.0,1.0,0
default_medium2,30,30,900,814,with_roads,56,astar_w3,3,106.6,501.7,764.9,164.5,150,1.0057,1.0276,1.2056,0
default_medium2,30,30,900,814,with_roads,56,astar_w5,5,45.5,150.5,237.9,59.8,49,1.1084,1.5,2.5556,0
default_medium2,30,30,900,814,with_roads,56,astar_w_avg,4,74.2,279.4,594.0,99.9,94,1.0291,1.2051,1.8305,0
default_medium2,30,30,900,814,with_roads,56,astar_w_min,1,292.4,651.2,884.7,303.8,324,1.0,1.0,1.0,0
default_medium2,30,30,900,814,with_roads,56,greedy,0,22.7,41.1,68.0,23.1,18,1.4348,2.4016,2.9831,0
default_small1,20,20,400,360,no_roads,0,dial_exact,0,120.6,217.7,235.0,120.5,185,1.0,1.0,1.0,0
default_small1,20,20,400,360,no_roads,0,astar_w1,1,128.8,283.3,369.4,137.4,152,1.0,1.0,1.0,0
default_small1,20,20,400,360,no_roads,0,astar_w3,3,73.2,186.3,236.6,83.0,91,1.0,1.0,1.0,0
default_small1,20,20,400,360,no_roads,0,astar_w5,5,25.5,93.9,219.6,37.0,32,1.0,1.0,1.0,0
default_small1,20,20,400,360,no_roads,0,astar_w_avg,5,27.8,89.5,168.9,38.0,32,1.0,1.0,1.0,0
default_small1,20,20,400,360,no_roads,0,astar_w_min,5,25.3,88.5,127.4,34.8,32,1.0,1.0,1.0,0
default_small1,20,20,400,360,no_roads,0,greedy,0,12.7,23.0,47.1,13.5,11,1.0723,1.25,1.561,0
default_small1,20,20,400,360,with_roads,12,dial_exact,0,127.0,225.3,635.6,128.8,187,1.0,1.0,1.0,0
default_small1,20,20,400,360,with_roads,12,astar_w1,1,133.3,287.2,328.8,140.1,152,1.0,1.0,1.0,0
default_small1,20,20,400,360,with_roads,12,astar_w3,3,64.9,206.7,247.4,85.1,88,1.0002,1.0,1.0165,0
default_small1,20,20,400,360,with_roads,12,astar_w5,5,25.7,87.7,122.5,34.2,30,1.0053,1.0432,1.1732,0
default_small1,20,20,400,360,with_roads,12,astar_w_avg,4,47.7,156.3,291.2,62.9,61,1.0008,1.0,1.0496,0
default_small1,20,20,400,360,with_roads,12,astar_w_min,1,127.9,296.0,331.7,139.1,152,1.0,1.0,1.0,0
default_small1,20,20,400,360,with_roads,12,greedy,0,13.4,24.4,39.4,14.3,11,1.0846,1.2727,1.561,0
default_small2,21,21,441,373,no_roads,0,dial_exact,0,130.8,233.0,286.4,128.6,189,1.0,1.0,1.0,0
default_small2,21,21,441,373,no_roads,0,astar_w1,1,124.6,282.5,309.4,135.8,158,1.0,1.0,1.0,0
default_small2,21,21,441,373,no_roads,0,astar_w3,3,81.9,231.2,275.8,96.3,105,1.0,1.0,1.0,0
default_small2,21,21,441,373,no_roads,0,astar_w5,5,37.4,163.4,265.9,51.8,48,1.0,1.0,1.0,0
default_small2,21,21,441,373,no_roads,0,astar_w_avg,5,36.2,151.6,277.3,51.2,48,1.0,1.0,1.0,0
default_small2,21,21,441,373,no_roads,0,astar_w_min,5,38.6,155.0,305.5,52.0,48,1.0,1.0,1.0,0
default_small2,21,21,441,373,no_roads,0,greedy,0,15.7,42.9,68.2,18.9,18,1.1271,1.5862,2.4824,0
default_small2,21,21,441,373,with_roads,35,dial_exact,0,121.3,225.7,362.1,122.0,183,1.0,1.0,1.0,0
default_small2,21,21,441,373,with_roads,35,astar_w1,1,112.0,291.8,651.7,129.0,147,1.0,1.0,1.0,0
default_small2,21,21,441,373,with_roads,35,astar_w3,3,57.0,227.1,317.2,83.3,87,1.0036,1.0063,1.1467,0
default_small2,21,21,441,373,with_roads,35,astar_w5,5,30.2,136.3,365.8,47.2,42,1.0591,1.3768,2.5,0
default_small2,21,21,441,373,with_roads,35,astar_w_avg,4,44.4,193.2,307.7,62.8,63,1.0137,1.1008,1.9298,0
default_small2,21,21,441,373,with_roads,35,astar_w_min,1,110.2,273.8,298.7,124.0,147,1.0,1.0,1.0,0
default_small2,21,21,441,373,with_roads,35,greedy,0,15.7,42.9,57.1,19.1,18,1.3995,2.625,4.0571,0
dna,21,50,1050,804,no_roads,0,dial_exact,0,207.3,416.1,687.7,219.6,323,1.0,1.0,1.0,0
dna,21,50,1050,804,no_roads,0,astar_w1,1,244.6,535.0,729.8,262.0,299,1.0,1.0,1.0,0
dna,21,50,1050,804,no_roads,0,astar_w3,3,199.0,513.5,597.0,226.7,250,1.0,1.0,1.0,0
dna,21,50,1050,804,no_roads,0,astar_w5,5,143.4,433.8,576.7,177.5,165,1.0,1.0,1.0,0
dna,21,50,1050,804,no_roads,0,astar_w_avg,5,145.6,490.5,563.2,183.6,165,1.0,1.0,1.0,0
dna,21,50,1050,804,no_roads,0,astar_w_min,5,148.4,532.6,881.6,196.9,165,1.0,1.0,1.0,0
dna,21,50,1050,804,no_roads,0,greedy,0,42.9,177.7,240.8,57.3,61,1.1111,1.5841,2.8885,0
dna,21,50,1050,804,with_roads,71,dial_exact,0,211.5,443.8,526.0,222.6,320,1.0,1.0,1.0,0
dna,21,50,1050,804,with_roads,71,astar_w1,1,215.1,581.4,685.6,259.9,265,1.0,1.0,1.0,0
dna,21,50,1050,804,with_roads,71,astar_w3,3,123.3,483.0,794.6,176.9,170,1.0012,1.0,1.0641,0
dna,21,50,1050,804,with_roads,71,astar_w5,5,88.8,542.6,1580.8,174.8,155,1.0959,1.5738,2.6744,0
dna,21,50,1050,804,with_roads,71,astar_w_avg,4,116.3,436.3,509.8,152.8,151,1.0061,1.0,1.3467,0
dna,21,50,1050,804,with_roads,71,astar_w_min,1,186.8,549.0,667.2,241.7,265,1.0,1.0,1.0,0
dna,21,50,1050,804,with_roads,71,greedy,0,38.9,176.9,219.1,52.0,61,1.8789,3.6237,6.28,0
face,20,20,400,350,no_roads,0,dial_exact,0,120.6,220.0,247.8,118.6,175,1.0,1.0,1.0,0
face,20,20,400,350,no_roads,0,astar_w1,1,115.9,269.8,331.7,129.3,144,1.0,1.0,1.0,0
face,20,20,400,350,no_roads,0,astar_w3,3,74.2,223.4,267.9,87.0,87,1.0,1.0,1.0,0
face,20,20,400,350,no_roads,0,astar_w5,5,28.5,105.9,180.8,37.8,33,1.0,1.0,1.0,0
face,20,20,400,350,no_roads,0,astar_w_avg,5,28.1,103.4,161.5,38.0,33,1.0,1.0,1.0,0
face,20,20,400,350,no_roads,0,astar_w_min,5,26.5,105.8,187.1,38.2,33,1.0,1.0,1.0,0
face,20,20,400,350,no_roads,0,greedy,0,14.2,27.2,39.3,14.6,11,1.0728,1.2719,1.5528,0
face,20,20,400,350,with_roads,26,dial_exact,0,119.1,227.0,271.7,120.9,173,1.0,1.0,1.0,0
face,20,20,400,350,with_roads,26,astar_w1,1,118.6,275.6,337.5,127.2,138,1.0,1.0,1.0,0
face,20,20,400,350,with_roads,26,astar_w3,3,62.9,207.0,281.7,77.7,75,1.0005,1.0,1.0648,0
face,20,20,400,350,with_roads,26,astar_w5,5,22.6,79.4,220.4,31.4,26,1.0352,1.2308,1.7091,0
face,20,20,400,350,with_roads,26,astar_w_avg,4,38.9,135.6,201.2,51.2,50,1.0075,1.0571,1.3125,0
face,20,20,400,350,with_roads,26,astar_w_min,1,113.7,272.2,365.8,125.0,138,1.0,1.0,1.0,0
face,20,20,400,350,with_roads,26,greedy,0,13.3,25.3,52.7,13.9,11,1.1806,1.6618,2.1111,0
galaxy,40,40,1600,1442,no_roads,0,dial_exact,0,510.4,1081.6,1207.8,546.4,718,1.0,1.0,1.0,0
galaxy,40,40,1600,1442,no_roads,0,astar_w1,1,479.3,1344.7,1500.1,587.7,577,1.0,1.0,1.0,0
galaxy,40,40,1600,1442,no_roads,0,astar_w3,3,285.1,978.3,1201.0,370.4,329,1.0,1.0,1.0,0
galaxy,40,40,1600,1442,no_roads,0,astar_w5,5,90.4,385.7,548.4,132.6,110,1.0,1.0,1.0,0
galaxy,40,40,1600,1442,no_roads,0,astar_w_avg,5,90.9,383.0,546.2,131.0,110,1.0,1.0,1.0,0
galaxy,40,40,1600,1442,no_roads,0,astar_w_min,5,91.3,376.8,534.3,129.2,110,1.0,1.0,1.0,0
galaxy,40,40,1600,1442,no_roads,0,greedy,0,27.9,56.4,72.1,29.1,23,1.1162,1.4413,1.6159,0
galaxy,40,40,1600,1442,with_roads,71,dial_exact,0,520.2,1026.0,1424.1,539.2,730,1.0,1.0,1.0,0
galaxy,40,40,1600,1442,with_roads,71,astar_w1,1,483.0,1346.8,1708.0,567.3,556,1.0,1.0,1.0,0
galaxy,40,40,1600,1442,with_roads,71,astar_w3,3,199.2,969.0,1435.8,313.7,273,1.0055,1.0182,1.3922,0
galaxy,40,40,1600,1442,with_roads,71,astar_w5,5,74.9,360.9,784.0,108.5,85,1.0503,1.2689,1.5882,0
galaxy,40,40,1600,1442,with_roads,71,astar_w_avg,4,127.0,691.3,1002.2,195.8,168,1.0162,1.125,1.4314,0
galaxy,40,40,1600,1442,with_roads,71,astar_w_min,1,451.8,1309.3,1549.2,560.8,556,1.0,1.0,1.0,0
galaxy,40,40,1600,1442,with_roads,71,greedy,0,30.1,63.4,143.2,32.7,23,1.2845,1.9147,3.8235,0
hooks,31,31,961,797,no_roads,0,dial_exact,0,260.0,475.7,642.0,262.4,402,1.0,1.0,1.0,0
hooks,31,31,961,797,no_roads,0,astar_w1,1,272.1,649.6,771.8,302.5,337,1.0,1.0,1.0,0
hooks,31,31,961,797,no_roads,0,astar_w3,3,154.3,488.9,755.9,198.2,209,1.0,1.0,1.0,0
hooks,31,31,961,797,no_roads,0,astar_w5,5,71.8,272.6,444.5,91.5,85,1.0,1.0,1.0,0
hooks,31,31,961,797,no_roads,0,astar_w_avg,5,70.1,270.2,435.5,91.4,85,1.0,1.0,1.0,0
hooks,31,31,961,797,no_roads,0,astar_w_min,5,68.2,255.8,436.2,90.8,85,1.0,1.0,1.0,0
hooks,31,31,961,797,no_roads,0,greedy,0,24.0,55.5,85.8,25.9,24,1.1583,1.469,1.8248,0
hooks,31,31,961,797,with_roads,58,dial_exact,0,271.1,478.7,549.8,259.4,404,1.0,1.0,1.0,0
hooks,31,31,961,797,with_roads,58,astar_w1,1,243.4,603.6,695.8,272.7,305,1.0,1.0,1.0,0
hooks,31,31,961,797,with_roads,58,astar_w3,3,113.1,375.9,559.6,142.4,145,1.005,1.0442,1.1739,0
hooks,31,31,961,797,with_roads,58,astar_w5,5,48.3,175.8,421.1,66.4,59,1.0519,1.2535,1.3889,0
hooks,31,31,961,797,with_roads,58,astar_w_avg,4,74.9,245.4,527.9,94.3,94,1.0182,1.1212,1.2566,0
hooks,31,31,961,797,with_roads,58,astar_w_min,1,251.1,600.6,715.5,273.7,305,1.0,1.0,1.0,0
hooks,31,31,961,797,with_roads,58,greedy,0,23.6,52.9,108.7,25.7,24,1.4773,2.4388,4.8837,0
hourglass,27,45,1215,1011,no_roads,0,dial_exact,0,103.6,205.8,221.7,100.8,140,1.0,1.0,1.0,0
hourglass,27,45,1215,1011,no_roads,0,astar_w1,1,100.1,243.4,292.2,104.7,119,1.0,1.0,1.0,0
hourglass,27,45,1215,1011,no_roads,0,astar_w3,3,61.5,190.3,216.3,73.8,80,1.0,1.0,1.0,0
hourglass,27,45,1215,1011,no_roads,0,astar_w5,5,28.0,115.8,130.1,35.7,31,1.0,1.0,1.0,0
hourglass,27,45,1215,1011,no_roads,0,astar_w_avg,5,24.4,106.7,124.2,35.2,31,1.0,1.0,1.0,0
hourglass,27,45,1215,1011,no_roads,0,astar_w_min,5,24.4,114.5,126.9,37.4,31,1.0,1.0,1.0,0
hourglass,27,45,1215,1011,no_roads,0,greedy,0,12.8,27.0,45.4,14.6,10,1.0497,1.142,1.2832,0
hourglass,27,45,1215,1011,with_roads,11,dial_exact,0,95.2,201.9,215.1,99.8,140,1.0,1.0,1.0,0
hourglass,27,45,1215,1011,with_roads,11,astar_w1,1,82.4,244.4,283.1,99.6,113,1.0,1.0,1.0,0
hourglass,27,45,1215,1011,with_roads,11,astar_w3,3,48.2,197.7,215.0,66.9,69,1.0,1.0,1.0,0
hourglass,27,45,1215,1011,with_roads,11,astar_w5,5,24.5,85.2,103.6,32.1,26,1.0247,1.25,1.5,0
hourglass,27,45,1215,1011,with_roads,11,astar_w_avg,4,38.8,130.7,154.7,51.4,50,1.0057,1.0171,1.2212,0
hourglass,27,45,1215,1011,with_roads,11,astar_w_min,1,80.9,239.5,264.1,101.1,113,1.0,1.0,1.0,0
hourglass,27,45,1215,1011,with_roads,11,greedy,0,12.7,31.2,33.6,13.8,10,1.1388,1.6852,2.0328,0
landscape,30,30,900,758,no_roads,0,dial_exact,0,290.5,463.7,527.5,273.0,416,1.0,1.0,1.0,0
landscape,30,30,900,758,no_roads,0,astar_w1,1,305.1,584.5,729.1,304.7,344,1.0,1.0,1.0,0
landscape,30,30,900,758,no_roads,0,astar_w3,3,189.8,425.5,636.7,197.6,207,1.0,1.0,1.0,0
landscape,30,30,900,758,no_roads,0,astar_w5,5,80.0,188.4,225.3,84.1,77,1.0,1.0,1.0,0
landscape,30,30,900,758,no_roads,0,astar_w_avg,5,82.2,193.0,229.4,84.1,77,1.0,1.0,1.0,0
landscape,30,30,900,758,no_roads,0,astar_w_min,5,79.7,187.7,302.7,85.6,77,1.0,1.0,1.0,0
landscape,30,30,900,758,no_roads,0,greedy,0,24.6,45.2,131.5,25.0,21,1.176,1.5202,2.1466,0
landscape,30,30,900,758,with_roads,32,dial_exact,0,267.6,473.1,521.9,261.2,405,1.0,1.0,1.0,0
landscape,30,30,900,758,with_roads,32,astar_w1,1,278.8,620.1,741.5,289.9,326,1.0,1.0,1.0,0
landscape,30,30,900,758,with_roads,32,astar_w3,3,156.8,477.4,609.7,180.3,187,1.0021,1.0058,1.1667,0
landscape,30,30,900,758,with_roads,32,astar_w5,5,55.9,173.6,204.9,69.1,63,1.0249,1.1667,1.4186,0
landscape,30,30,900,758,with_roads,32,astar_w_avg,4,95.4,326.9,503.8,121.8,123,1.0076,1.0379,1.4186,0
landscape,30,30,900,758,with_roads,32,astar_w_min,1,265.6,625.8,744.6,287.7,326,1.0,1.0,1.0,0
landscape,30,30,900,758,with_roads,32,greedy,0,23.9,45.6,62.9,24.2,21,1.2839,2.0,2.4286,0
minimaze,25,25,625,446,no_roads,0,dial_exact,0,135.5,264.0,304.3,136.6,205,1.0,1.0,1.0,0
minimaze,25,25,625,446,no_roads,0,astar_w1,1,128.4,321.1,384.6,142.6,173,1.0,1.0,1.0,0
minimaze,25,25,625,446,no_roads,0,astar_w3,3,83.1,264.1,342.5,99.7,116,1.0,1.0,1.0,0
minimaze,25,25,625,446,no_roads,0,astar_w5,5,48.7,182.0,229.2,63.9,67,1.0,1.0,1.0,0
minimaze,25,25,625,446,no_roads,0,astar_w_avg,5,50.0,180.0,253.4,65.4,67,1.0,1.0,1.0,0
minimaze,25,25,625,446,no_roads,0,astar_w_min,5,49.5,179.3,230.5,64.8,67,1.0,1.0,1.0,0
minimaze,25,25,625,446,no_roads,0,greedy,0,22.9,54.5,88.2,25.8,28,1.1202,1.5392,2.1042,0
minimaze,25,25,625,446,with_roads,61,dial_exact,0,137.5,252.6,280.9,137.3,211,1.0,1.0,1.0,0
minimaze,25,25,625,446,with_roads,61,astar_w1,1,125.1,315.7,346.3,134.4,161,1.0,1.0,1.0,0
minimaze,25,25,625,446,with_roads,61,astar_w3,3,67.0,256.3,325.9,81.3,91,1.0112,1.0787,1.5556,0
minimaze,25,25,625,446,with_roads,61,astar_w5,5,41.9,155.9,271.7,53.0,51,1.0744,1.4776,1.9259,0
minimaze,25,25,625,446,with_roads,61,astar_w_avg,4,50.8,181.1,283.4,64.0,68,1.0245,1.1339,1.9259,0
minimaze,25,25,625,446,with_roads,61,astar_w_min,1,123.4,308.8,519.7,135.8,161,1.0,1.0,1.0,0
minimaze,25,25,625,446,with_roads,61,greedy,0,22.4,51.5,75.1,25.1,28,1.5082,2.6162,3.7901,0
pls_buy_cucats_merch,49,49,2401,2081,no_roads,0,dial_exact,0,817.9,1796.4,2398.6,908.2,1025,1.0,1.0,1.0,0
pls_buy_cucats_merch,49,49,2401,2081,no_roads,0,astar_w1,1,786.8,2246.3,2831.4,934.5,827,1.0,1.0,1.0,0
pls_buy_cucats_merch,49,49,2401,2081,no_roads,0,astar_w3,3,475.6,1678.8,2259.4,583.9,475,1.0,1.0,1.0,0
pls_buy_cucats_merch,49,49,2401,2081,no_roads,0,astar_w5,5,152.5,615.5,1150.4,212.6,164,1.0,1.0,1.0,0
pls_buy_cucats_merch,49,49,2401,2081,no_roads,0,astar_w_avg,5,157.9,615.5,825.2,213.0,164,1.0,1.0,1.0,0
pls_buy_cucats_merch,49,49,2401,2081,no_roads,0,astar_w_min,5,154.9,666.1,822.2,212.6,164,1.0,1.0,1.0,0
pls_buy_cucats_merch,49,49,2401,2081,no_roads,0,greedy,0,39.8,85.3,109.6,41.6,33,1.1868,1.6173,2.2342,0
pls_buy_cucats_merch,49,49,2401,2081,with_roads,69,dial_exact,0,818.8,1692.6,2144.1,845.7,991,1.0,1.0,1.0,0
pls_buy_cucats_merch,49,49,2401,2081,with_roads,69,astar_w1,1,666.1,2045.3,2510.2,785.0,728,1.0,1.0,1.0,0
pls_buy_cucats_merch,49,49,2401,2081,with_roads,69,astar_w3,3,246.4,1516.0,2840.3,435.7,327,1.0042,1.0153,1.4444,0
pls_buy_cucats_merch,49,49,2401,2081,with_roads,69,astar_w5,5,117.2,484.3,808.4,160.0,118,1.1128,1.568,2.2444,0
pls_buy_cucats_merch,49,49,2401,2081,with_roads,69,astar_w_avg,4,162.1,873.3,1181.3,255.0,213,1.0321,1.2308,1.6267,0
pls_buy_cucats_merch,49,49,2401,2081,with_roads,69,astar_w_min,1,668.4,2084.5,2472.9,779.2,728,1.0,1.0,1.0,0
pls_buy_cucats_merch,49,49,2401,2081,with_roads,69,greedy,0,39.8,79.3,144.9,40.7,33,1.5684,2.744,3.5517,0
shish_kebab,20,20,400,336,no_roads,0,dial_exact,0,118.9,204.7,331.5,114.0,170,1.0,1.0,1.0,0
shish_kebab,20,20,400,336,no_roads,0,astar_w1,1,120.7,268.0,321.3,123.7,141,1.0,1.0,1.0,0
shish_kebab,20,20,400,336,no_roads,0,astar_w3,3,64.7,194.1,246.3,77.4,84,1.0,1.0,1.0,0
shish_kebab,20,20,400,336,no_roads,0,astar_w5,5,27.5,107.7,166.9,36.5,34,1.0,1.0,1.0,0
shish_kebab,20,20,400,336,no_roads,0,astar_w_avg,5,27.8,99.3,187.6,36.3,34,1.0,1.0,1.0,0
shish_kebab,20,20,400,336,no_roads,0,astar_w_min,5,29.2,104.4,170.9,36.8,34,1.0,1.0,1.0,0
shish_kebab,20,20,400,336,no_roads,0,greedy,0,13.0,26.5,45.6,13.7,12,1.0604,1.2391,1.5238,0
shish_kebab,20,20,400,336,with_roads,35,dial_exact,0,114.3,197.0,215.8,111.8,172,1.0,1.0,1.0,0
shish_kebab,20,20,400,336,with_roads,35,astar_w1,1,110.8,259.9,335.3,115.6,131,1.0,1.0,1.0,0
shish_kebab,20,20,400,336,with_roads,35,astar_w3,3,47.6,153.2,223.0,58.8,59,1.0085,1.0208,1.75,0
shish_kebab,20,20,400,336,with_roads,35,astar_w5,5,22.6,80.3,230.2,31.2,27,1.1315,1.64,3.0909,0
shish_kebab,20,20,400,336,with_roads,35,astar_w_avg,4,34.8,114.8,286.3,45.1,44,1.054,1.3889,1.8788,0
shish_kebab,20,20,400,336,with_roads,35,astar_w_min,1,103.8,248.1,293.9,114.1,131,1.0,1.0,1.0,0
shish_kebab,20,20,400,336,with_roads,35,greedy,0,13.0,27.0,78.5,14.0,12,1.4037,2.2881,4.0,0
thread_of_connection,20,20,400,304,no_roads,0,dial_exact,0,105.0,196.7,318.1,104.8,151,1.0,1.0,1.0,0
thread_of_connection,20,20,400,304,no_roads,0,astar_w1,1,108.9,220.6,243.4,109.1,139,1.0,1.0,1.0,0
thread_of_connection,20,20,400,304,no_roads,0,astar_w3,3,86.4,213.0,243.9,92.6,111,1.0,1.0,1.0,0
thread_of_connection,20,20,400,304,no_roads,0,astar_w5,5,55.4,176.9,220.9,67.4,74,1.0,1.0,1.0,0
thread_of_connection,20,20,400,304,no_roads,0,astar_w_avg,5,52.6,182.3,232.8,66.9,74,1.0,1.0,1.0,0
thread_of_connection,20,20,400,304,no_roads,0,astar_w_min,5,55.7,178.9,220.3,67.1,74,1.0,1.0,1.0,0
thread_of_connection,20,20,400,304,no_roads,0,greedy,0,23.0,84.3,114.9,33.1,42,1.1035,1.3704,1.56,0
thread_of_connection,20,20,400,304,with_roads,21,dial_exact,0,100.1,190.0,232.2,103.0,150,1.0,1.0,1.0,0
thread_of_connection,20,20,400,304,with_roads,21,astar_w1,1,109.8,220.2,374.8,108.6,133,1.0,1.0,1.0,0
thread_of_connection,20,20,400,304,with_roads,21,astar_w3,3,81.1,209.5,231.2,88.2,103,1.0018,1.0178,1.0769,0
thread_of_connection,20,20,400,304,with_roads,21,astar_w5,5,50.1,177.0,218.2,69.1,74,1.0113,1.0694,1.5714,0
thread_of_connection,20,20,400,304,with_roads,21,astar_w_avg,4,74.6,191.0,220.6,79.1,89,1.0035,1.0234,1.0845,0
thread_of_connection,20,20,400,304,with_roads,21,astar_w_min,1,108.9,214.4,236.8,105.2,133,1.0,1.0,1.0,0
thread_of_connection,20,20,400,304,with_roads,21,greedy,0,22.6,88.7,104.5,33.8,42,1.2959,2.2658,3.9024,0
tree_of_life,39,30,1170,1041,no_roads,0,dial_exact,0,322.9,666.0,850.6,338.1,498,1.0,1.0,1.0,0
tree_of_life,39,30,1170,1041,no_roads,0,astar_w1,1,346.8,989.9,1220.5,413.1,417,1.0,1.0,1.0,0
tree_of_life,39,30,1170,1041,no_roads,0,astar_w3,3,205.6,772.3,896.8,265.9,255,1.0,1.0,1.0,0
tree_of_life,39,30,1170,1041,no_roads,0,astar_w5,5,74.3,323.5,405.0,109.6,94,1.0,1.0,1.0,0
tree_of_life,39,30,1170,1041,no_roads,0,astar_w_avg,5,73.5,330.4,421.3,109.8,94,1.0,1.0,1.0,0
tree_of_life,39,30,1170,1041,no_roads,0,astar_w_min,5,73.9,329.3,462.7,111.4,94,1.0,1.0,1.0,0
tree_of_life,39,30,1170,1041,no_roads,0,greedy,0,23.6,55.3,87.7,26.3,22,1.1373,1.4835,2.1081,0
tree_of_life,39,30,1170,1041,with_roads,48,dial_exact,0,344.7,644.2,760.1,335.0,497,1.0,1.0,1.0,0
tree_of_life,39,30,1170,1041,with_roads,48,astar_w1,1,350.3,787.5,1315.5,369.0,385,1.0,1.0,1.0,0
tree_of_life,39,30,1170,1041,with_roads,48,astar_w3,3,167.8,591.0,929.0,209.2,196,1.0079,1.0426,1.2697,0
tree_of_life,39,30,1170,1041,with_roads,48,astar_w5,5,69.8,286.9,702.3,95.3,76,1.0944,1.5066,3.0492,0
tree_of_life,39,30,1170,1041,with_roads,48,astar_w_avg,4,110.8,393.6,588.5,140.8,133,1.0165,1.1732,1.3696,0
tree_of_life,39,30,1170,1041,with_roads,48,astar_w_min,1,361.1,781.0,1053.6,365.4,385,1.0,1.0,1.0,0
tree_of_life,39,30,1170,1041,with_roads,48,greedy,0,23.9,54.6,90.0,27.0,22,1.3573,2.3735,4.4375,0
wasteland,40,40,1600,1156,no_roads,0,dial_exact,0,389.9,747.5,784.8,399.1,573,1.0,1.0,1.0,0
wasteland,40,40,1600,1156,no_roads,0,astar_w1,1,385.5,989.5,1262.7,444.5,461,1.0,1.0,1.0,0
wasteland,40,40,1600,1156,no_roads,0,astar_w3,3,204.5,645.4,883.8,265.7,265,1.0,1.0,1.0,0
wasteland,40,40,1600,1156,no_roads,0,astar_w5,5,79.1,277.3,486.5,107.0,95,1.0,1.0,1.0,0
wasteland,40,40,1600,1156,no_roads,0,astar_w_avg,5,73.5,305.3,492.9,108.9,95,1.0,1.0,1.0,0
wasteland,40,40,1600,1156,no_roads,0,astar_w_min,5,75.4,282.2,597.8,108.8,95,1.0,1.0,1.0,0
wasteland,40,40,1600,1156,no_roads,0,greedy,0,25.0,51.5,57.2,26.3,22,1.1009,1.2778,1.6471,0
wasteland,40,40,1600,1156,with_roads,81,dial_exact,0,365.9,758.1,1098.9,393.2,562,1.0,1.0,1.0,0
wasteland,40,40,1600,1156,with_roads,81,astar_w1,1,317.9,1024.7,1420.2,421.4,432,1.0,1.0,1.0,0
wasteland,40,40,1600,1156,with_roads,81,astar_w3,3,137.1,1000.8,1769.2,276.9,245,1.0112,1.105,1.3495,0
wasteland,40,40,1600,1156,with_roads,81,astar_w5,5,56.0,291.6,1140.0,97.9,83,1.1101,1.5472,2.0388,0
wasteland,40,40,1600,1156,with_roads,81,astar_w_avg,4,94.2,593.9,1292.6,179.1,166,1.0516,1.3495,1.6522,0
wasteland,40,40,1600,1156,with_roads,81,astar_w_min,1,320.9,1046.9,1118.3,410.8,432,1.0,1.0,1.0,0
wasteland,40,40,1600,1156,with_roads,81,greedy,0,23.9,52.9,69.8,26.6,22,1.3917,2.7531,4.7667,0
bar_chart,35,40,1400,1032,no_roads,0,dial_exact,0,192.6,379.4,429.7,198.5,296,1.0,1.0,1.0,0
bar_chart,35,40,1400,1032,no_roads,0,astar_w1,1,192.4,507.9,607.3,218.3,245,1.0,1.0,1.0,0
bar_chart,35,40,1400,1032,no_roads,0,astar_w3,3,118.5,414.1,586.9,147.2,156,1.0,1.0,1.0,0
bar_chart,35,40,1400,1032,no_roads,0,astar_w5,5,55.8,242.7,499.6,83.0,75,1.0,1.0,1.0,0
bar_chart,35,40,1400,1032,no_roads,0,astar_w_avg,5,52.7,234.3,539.0,81.0,75,1.0,1.0,1.0,0
bar_chart,35,40,1400,1032,no_roads,0,astar_w_min,5,51.6,220.8,500.1,81.4,75,1.0,1.0,1.0,0
bar_chart,35,40,1400,1032,no_roads,0,greedy,0,23.3,80.9,103.0,29.2,29,1.0971,1.3266,1.6602,0
bar_chart,35,40,1400,1032,with_roads,62,dial_exact,0,231.4,383.8,424.3,214.4,319,1.0,1.0,1.0,0
bar_chart,35,40,1400,1032,with_roads,62,astar_w1,1,208.1,457.9,577.9,209.1,232,1.0,1.0,1.0,0
bar_chart,35,40,1400,1032,with_roads,62,astar_w3,3,68.7,293.4,647.9,101.3,104,1.0037,1.0294,1.1318,0
bar_chart,35,40,1400,1032,with_roads,62,astar_w5,5,38.5,174.5,709.3,60.5,52,1.0465,1.2154,1.4439,0
bar_chart,35,40,1400,1032,with_roads,62,astar_w_avg,4,63.9,317.8,804.4,90.4,75,1.0081,1.0526,1.1684,0
bar_chart,35,40,1400,1032,with_roads,62,astar_w_min,1,214.8,499.5,662.8,222.7,232,1.0,1.0,1.0,0
bar_chart,35,40,1400,1032,with_roads,62,greedy,0,26.3,72.2,111.4,31.1,29,1.429,2.098,2.7162,0
binary_tree,41,30,1230,1021,no_roads,0,dial_exact,0,375.7,685.5,1309.0,362.8,518,1.0,1.0,1.0,0
binary_tree,41,30,1230,1021,no_roads,0,astar_w1,1,387.2,940.5,1257.9,426.3,437,1.0,1.0,1.0,0
binary_tree,41,30,1230,1021,no_roads,0,astar_w3,3,226.9,789.4,1135.8,302.4,286,1.0,1.0,1.0,0
binary_tree,41,30,1230,1021,no_roads,0,astar_w5,5,109.9,536.4,1008.4,172.1,143,1.0,1.0,1.0,0
binary_tree,41,30,1230,1021,no_roads,0,astar_w_avg,5,107.2,534.8,1004.7,171.2,143,1.0,1.0,1.0,0
binary_tree,41,30,1230,1021,no_roads,0,astar_w_min,5,112.1,515.9,1121.1,170.4,143,1.0,1.0,1.0,0
binary_tree,41,30,1230,1021,no_roads,0,greedy,0,33.1,123.2,206.6,45.5,46,1.14,1.5587,1.8359,0
binary_tree,41,30,1230,1021,with_roads,52,dial_exact,0,377.0,656.8,959.5,364.8,521,1.0,1.0,1.0,0
binary_tree,41,30,1230,1021,with_roads,52,astar_w1,1,370.5,887.7,1036.2,404.5,417,1.0,1.0,1.0,0
binary_tree,41,30,1230,1021,with_roads,52,astar_w3,3,188.7,703.1,942.3,247.3,232,1.0055,1.0,1.6154,0
binary_tree,41,30,1230,1021,with_roads,52,astar_w5,5,89.5,497.3,857.9,145.9,117,1.0517,1.321,2.2292,0
binary_tree,41,30,1230,1021,with_roads,52,astar_w_avg,4,121.7,558.2,851.4,170.9,158,1.0113,1.0474,1.6923,0
binary_tree,41,30,1230,1021,with_roads,52,astar_w_min,1,355.4,864.8,970.4,386.7,417,1.0,1.0,1.0,0
binary_tree,41,30,1230,1021,with_roads,52,greedy,0,30.7,118.2,167.6,42.1,46,1.3662,2.1957,3.4017,0
butterfly,31,31,961,633,no_roads,0,dial_exact,0,51.1,99.5,122.0,53.6,69,1.0,1.0,1.0,0
butterfly,31,31,961,633,no_roads,0,astar_w1,1,51.2,117.6,123.7,51.7,59,1.0,1.0,1.0,0
butterfly,31,31,961,633,no_roads,0,astar_w3,3,31.4,95.0,106.9,34.7,39,1.0,1.0,1.0,0
butterfly,31,31,961,633,no_roads,0,astar_w5,5,13.4,73.5,82.1,18.3,16,1.0,1.0,1.0,0
butterfly,31,31,961,633,no_roads,0,astar_w_avg,5,12.8,59.5,75.1,18.8,16,1.0,1.0,1.0,0
butterfly,31,31,961,633,no_roads,0,astar_w_min,5,12.3,57.3,72.5,17.3,16,1.0,1.0,1.0,0
butterfly,31,31,961,633,no_roads,0,greedy,0,8.1,17.2,18.7,8.8,7,1.0616,1.325,1.3333,0
butterfly,31,31,961,633,with_roads,0,dial_exact,0,47.9,100.3,112.4,49.8,69,1.0,1.0,1.0,0
butterfly,31,31,961,633,with_roads,0,astar_w1,1,48.3,115.4,122.7,49.7,59,1.0,1.0,1.0,0
butterfly,31,31,961,633,with_roads,0,astar_w3,3,31.0,104.5,119.8,35.7,39,1.0,1.0,1.0,0
butterfly,31,31,961,633,with_roads,0,astar_w5,5,13.5,56.8,72.7,18.1,16,1.0,1.0,1.0,0
butterfly,31,31,961,633,with_roads,0,astar_w_avg,5,14.5,57.0,73.9,17.6,16,1.0,1.0,1.0,0
butterfly,31,31,961,633,with_roads,0,astar_w_min,5,12.7,73.1,85.8,18.1,16,1.0,1.0,1.0,0
butterfly,31,31,961,633,with_roads,0,greedy,0,9.1,16.7,18.9,8.9,7,1.0616,1.325,1.3333,0
cold,37,37,1369,1138,no_roads,0,dial_exact,0,444.2,1046.1,1265.6,450.0,567,1.0,1.0,1.0,0
cold,37,37,1369,1138,no_roads,0,astar_w1,1,419.4,1071.1,1694.7,466.7,476,1.0,1.0,1.0,0
cold,37,37,1369,1138,no_roads,0,astar_w3,3,251.3,866.6,1125.3,320.6,298,1.0,1.0,1.0,0
cold,37,37,1369,1138,no_roads,0,astar_w5,5,92.1,439.3,571.5,139.0,120,1.0,1.0,1.0,0
cold,37,37,1369,1138,no_roads,0,astar_w_avg,5,91.1,427.5,544.9,139.6,120,1.0,1.0,1.0,0
cold,37,37,1369,1138,no_roads,0,astar_w_min,5,104.6,529.8,639.0,156.2,120,1.0,1.0,1.0,0
cold,37,37,1369,1138,no_roads,0,greedy,0,27.7,68.5,138.3,31.2,27,1.1155,1.3905,1.9012,0
cold,37,37,1369,1138,with_roads,33,dial_exact,0,390.5,724.8,1115.2,392.8,553,1.0,1.0,1.0,0
cold,37,37,1369,1138,with_roads,33,astar_w1,1,384.5,945.6,1156.3,405.6,421,1.0,1.0,1.0,0
cold,37,37,1369,1138,with_roads,33,astar_w3,3,156.4,701.5,916.6,222.3,207,1.0042,1.0345,1.1429,0
cold,37,37,1369,1138,with_roads,33,astar_w5,5,69.0,306.0,459.4,98.8,81,1.0373,1.2258,1.469,0
cold,37,37,1369,1138,with_roads,33,astar_w_avg,4,107.0,422.2,976.2,150.0,131,1.0138,1.0822,1.3559,0
cold,37,37,1369,1138,with_roads,33,astar_w_min,1,352.3,997.5,1357.0,405.9,421,1.0,1.0,1.0,0
cold,37,37,1369,1138,with_roads,33,greedy,0,27.9,65.8,153.3,32.1,27,1.3539,2.2469,3.036,0
cubes,50,50,2500,1944,no_roads,0,dial_exact,0,922.5,1542.2,1983.9,886.3,1074,1.0,1.0,1.0,0
cubes,50,50,2500,1944,no_roads,0,astar_w1,1,914.2,1863.5,2210.1,983.3,909,1.0,1.0,1.0,0
cubes,50,50,2500,1944,no_roads,0,astar_w3,3,544.1,1512.9,2165.9,681.0,596,1.0,1.0,1.0,0
cubes,50,50,2500,1944,no_roads,0,astar_w5,5,320.5,1206.2,1412.5,423.0,310,1.0,1.0,1.0,0
cubes,50,50,2500,1944,no_roads,0,astar_w_avg,5,312.0,1076.9,1537.9,403.9,310,1.0,1.0,1.0,0
cubes,50,50,2500,1944,no_roads,0,astar_w_min,5,293.2,1102.6,1715.7,393.4,310,1.0,1.0,1.0,0
cubes,50,50,2500,1944,no_roads,0,greedy,0,80.4,266.9,433.5,105.7,111,1.2038,1.5216,1.7391,0
cubes,50,50,2500,1944,with_roads,82,dial_exact,0,873.6,1526.8,2155.3,873.5,1026,1.0,1.0,1.0,0
cubes,50,50,2500,1944,with_roads,82,astar_w1,1,644.1,1892.3,2129.4,776.6,739,1.0,1.0,1.0,0
cubes,50,50,2500,1944,with_roads,82,astar_w3,3,239.5,1077.6,1619.4,372.4,331,1.004,1.0226,1.3061,0
cubes,50,50,2500,1944,with_roads,82,astar_w5,5,155.1,785.8,1365.7,233.7,183,1.0745,1.3352,1.5496,0
cubes,50,50,2500,1944,with_roads,82,astar_w_avg,4,188.8,822.4,1521.4,279.3,237,1.0127,1.0851,1.3061,0
cubes,50,50,2500,1944,with_roads,82,astar_w_min,1,636.3,1862.7,2152.3,790.4,739,1.0,1.0,1.0,0
cubes,50,50,2500,1944,with_roads,82,greedy,0,79.4,251.6,321.0,102.7,111,1.7393,2.9618,4.1947,0
gaussian,35,20,700,599,no_roads,0,dial_exact,0,237.1,366.0,482.5,214.1,323,1.0,1.0,1.0,0
gaussian,35,20,700,599,no_roads,0,astar_w1,1,247.3,463.1,562.2,240.6,275,1.0,1.0,1.0,0
gaussian,35,20,700,599,no_roads,0,astar_w3,3,149.0,409.1,497.5,168.8,178,1.0,1.0,1.0,0
gaussian,35,20,700,599,no_roads,0,astar_w5,5,60.2,195.4,364.0,77.1,70,1.0,1.0,1.0,0
gaussian,35,20,700,599,no_roads,0,astar_w_avg,5,61.9,195.7,314.5,77.6,70,1.0,1.0,1.0,0
gaussian,35,20,700,599,no_roads,0,astar_w_min,5,64.1,196.3,330.2,77.4,70,1.0,1.0,1.0,0
gaussian,35,20,700,599,no_roads,0,greedy,0,20.2,51.1,69.8,21.6,20,1.078,1.2652,1.6,0
gaussian,35,20,700,599,with_roads,33,dial_exact,0,213.2,376.7,421.0,209.9,316,1.0,1.0,1.0,0
gaussian,35,20,700,599,with_roads,33,astar_w1,1,221.5,467.7,520.7,228.0,253,1.0,1.0,1.0,0
gaussian,35,20,700,599,with_roads,33,astar_w3,3,106.7,383.7,565.9,140.1,141,1.0021,1.0145,1.1087,0
gaussian,35,20,700,599,with_roads,33,astar_w5,5,51.0,197.8,383.5,69.9,56,1.0311,1.1458,1.3913,0
gaussian,35,20,700,599,with_roads,33,astar_w_avg,4,76.1,252.2,415.9,93.0,90,1.0053,1.0394,1.1087,0
gaussian,35,20,700,599,with_roads,33,astar_w_min,1,224.9,465.3,819.6,228.3,253,1.0,1.0,1.0,0
gaussian,35,20,700,599,with_roads,33,greedy,0,20.7,46.6,78.1,21.9,20,1.2412,1.72,2.4737,0
git_branches,50,35,1750,1352,no_roads,0,dial_exact,0,214.7,621.1,910.7,265.0,365,1.0,1.0,1.0,0
git_branches,50,35,1750,1352,no_roads,0,astar_w1,1,225.2,796.4,933.3,290.2,314,1.0,1.0,1.0,0
git_branches,50,35,1750,1352,no_roads,0,astar_w3,3,188.1,624.1,868.9,222.0,223,1.0,1.0,1.0,0
git_branches,50,35,1750,1352,no_roads,0,astar_w5,5,82.1,395.4,483.7,120.6,111,1.0,1.0,1.0,0
git_branches,50,35,1750,1352,no_roads,0,astar_w_avg,5,88.8,370.2,492.8,124.4,111,1.0,1.0,1.0,0
git_branches,50,35,1750,1352,no_roads,0,astar_w_min,5,85.6,392.1,507.3,124.1,111,1.0,1.0,1.0,0
git_branches,50,35,1750,1352,no_roads,0,greedy,0,30.1,94.7,126.8,35.4,34,1.1013,1.4034,1.9565,0
git_branches,50,35,1750,1352,with_roads,26,dial_exact,0,220.0,579.9,679.9,259.6,368,1.0,1.0,1.0,0
git_branches,50,35,1750,1352,with_roads,26,astar_w1,1,235.4,705.1,962.4,290.3,306,1.0,1.0,1.0,0
git_branches,50,35,1750,1352,with_roads,26,astar_w3,3,157.7,565.0,765.3,192.0,190,1.0,1.0,1.0,0
git_branches,50,35,1750,1352,with_roads,26,astar_w5,5,78.6,318.1,615.0,112.6,99,1.0622,1.562,2.5,0
git_branches,50,35,1750,1352,with_roads,26,astar_w_avg,4,130.8,383.4,576.0,152.0,146,1.0044,1.0,1.4331,0
git_branches,50,35,1750,1352,with_roads,26,astar_w_min,1,220.1,723.1,840.2,288.9,306,1.0,1.0,1.0,0
git_branches,50,35,1750,1352,with_roads,26,greedy,0,28.9,90.4,119.9,35.3,34,1.3009,2.0702,3.9714,0
mandelbrot,50,41,2050,1692,no_roads,0,dial_exact,0,590.7,1156.9,1344.0,597.2,793,1.0,1.0,1.0,0
mandelbrot,50,41,2050,1692,no_roads,0,astar_w1,1,660.3,1583.8,1829.6,703.4,683,1.0,1.0,1.0,0
mandelbrot,50,41,2050,1692,no_roads,0,astar_w3,3,392.4,1383.7,1735.8,530.1,471,1.0,1.0,1.0,0
mandelbrot,50,41,2050,1692,no_roads,0,astar_w5,5,159.8,1110.5,1641.1,318.7,236,1.0,1.0,1.0,0
mandelbrot,50,41,2050,1692,no_roads,0,astar_w_avg,5,164.2,1122.5,1597.2,319.6,236,1.0,1.0,1.0,0
mandelbrot,50,41,2050,1692,no_roads,0,astar_w_min,5,161.7,1151.0,1695.6,320.4,236,1.0,1.0,1.0,0
mandelbrot,50,41,2050,1692,no_roads,0,greedy,0,46.8,150.9,208.3,57.5,55,1.1537,1.5018,2.186,0
mandelbrot,50,41,2050,1692,with_roads,68,dial_exact,0,564.5,1127.3,1222.7,609.2,786,1.0,1.0,1.0,0
mandelbrot,50,41,2050,1692,with_roads,68,astar_w1,1,515.2,1609.6,1749.5,664.6,635,1.0,1.0,1.0,0
mandelbrot,50,41,2050,1692,with_roads,68,astar_w3,3,257.5,1293.0,2403.7,435.4,382,1.0007,1.0,1.098,0
mandelbrot,50,41,2050,1692,with_roads,68,astar_w5,5,121.1,1040.1,1907.9,251.7,181,1.0571,1.2866,2.15,0
mandelbrot,50,41,2050,1692,with_roads,68,astar_w_avg,4,191.8,1042.9,3638.4,338.5,285,1.0131,1.0758,1.4375,0
mandelbrot,50,41,2050,1692,with_roads,68,astar_w_min,1,494.8,1568.7,1716.2,665.7,635,1.0,1.0,1.0,0
mandelbrot,50,41,2050,1692,with_roads,68,greedy,0,46.8,146.4,220.3,57.7,55,1.4793,3.0699,4.0268,0
pixel_forest,45,25,1125,874,no_roads,0,dial_exact,0,244.2,514.4,794.6,263.6,384,1.0,1.0,1.0,0
pixel_forest,45,25,1125,874,no_roads,0,astar_w1,1,255.6,661.3,820.3,290.4,321,1.0,1.0,1.0,0
pixel_forest,45,25,1125,874,no_roads,0,astar_w3,3,168.9,636.2,697.5,210.0,215,1.0,1.0,1.0,0
pixel_forest,45,25,1125,874,no_roads,0,astar_w5,5,82.2,517.2,780.7,131.5,112,1.0,1.0,1.0,0
pixel_forest,45,25,1125,874,no_roads,0,astar_w_avg,5,84.7,489.2,695.2,127.3,112,1.0,1.0,1.0,0
pixel_forest,45,25,1125,874,no_roads,0,astar_w_min,5,79.9,501.5,704.2,127.7,112,1.0,1.0,1.0,0
pixel_forest,45,25,1125,874,no_roads,0,greedy,0,30.9,101.9,171.8,37.6,39,1.114,1.3927,1.5515,0
pixel_forest,45,25,1125,874,with_roads,33,dial_exact,0,279.5,498.3,569.1,267.2,392,1.0,1.0,1.0,0
pixel_forest,45,25,1125,874,with_roads,33,astar_w1,1,259.8,705.1,984.1,285.9,302,1.0,1.0,1.0,0
pixel_forest,45,25,1125,874,with_roads,33,astar_w3,3,139.8,461.0,1031.9,165.1,160,1.0041,1.0139,1.2333,0
pixel_forest,45,25,1125,874,with_roads,33,astar_w5,5,68.4,208.8,485.0,79.3,67,1.0344,1.2,1.3458,0
pixel_forest,45,25,1125,874,with_roads,33,astar_w_avg,4,93.5,339.2,699.0,120.7,102,1.0114,1.0766,1.3458,0
pixel_forest,45,25,1125,874,with_roads,33,astar_w_min,1,260.3,683.1,757.4,277.1,302,1.0,1.0,1.0,0
pixel_forest,45,25,1125,874,with_roads,33,greedy,0,31.0,93.2,161.8,36.5,39,1.3859,2.2014,4.0588,0
settlement,50,38,1900,1614,no_roads,0,dial_exact,0,596.8,1161.4,1311.5,598.0,772,1.0,1.0,1.0,0
settlement,50,38,1900,1614,no_roads,0,astar_w1,1,587.1,1516.5,2624.2,684.9,640,1.0,1.0,1.0,0
settlement,50,38,1900,1614,no_roads,0,astar_w3,3,329.5,1276.1,1553.9,438.0,386,1.0,1.0,1.0,0
settlement,50,38,1900,1614,no_roads,0,astar_w5,5,116.2,543.8,956.0,173.0,136,1.0,1.0,1.0,0
settlement,50,38,1900,1614,no_roads,0,astar_w_avg,5,116.3,549.8,927.9,174.1,136,1.0,1.0,1.0,0
settlement,50,38,1900,1614,no_roads,0,astar_w_min,5,115.7,559.6,938.4,173.0,136,1.0,1.0,1.0,0
settlement,50,38,1900,1614,no_roads,0,greedy,0,31.2,72.0,106.7,34.0,25,1.0883,1.2926,1.4524,0
settlement,50,38,1900,1614,with_roads,131,dial_exact,0,592.7,1147.8,1411.3,609.8,778,1.0,1.0,1.0,0
settlement,50,38,1900,1614,with_roads,131,astar_w1,1,455.4,1511.0,1835.9,569.8,551,1.0,1.0,1.0,0
settlement,50,38,1900,1614,with_roads,131,astar_w3,3,157.2,1020.5,2038.6,286.4,249,1.0206,1.1481,1.4688,0
settlement,50,38,1900,1614,with_roads,131,astar_w5,5,68.6,337.3,1200.7,110.4,83,1.1473,1.5693,2.0469,0
settlement,50,38,1900,1614,with_roads,131,astar_w_avg,4,115.3,747.2,1654.8,200.4,162,1.0587,1.2876,1.84,0
settlement,50,38,1900,1614,with_roads,131,astar_w_min,1,458.4,1545.2,1808.7,564.4,551,1.0,1.0,1.0,0
settlement,50,38,1900,1614,with_roads,131,greedy,0,32.9,68.4,103.2,34.8,25,1.4758,2.5152,3.2812,0
sierpinski_evil,31,31,961,659,no_roads,0,dial_exact,0,229.1,401.7,477.6,216.7,326,1.0,1.0,1.0,0
sierpinski_evil,31,31,961,659,no_roads,0,astar_w1,1,231.4,510.1,585.3,246.2,277,1.0,1.0,1.0,0
sierpinski_evil,31,31,961,659,no_roads,0,astar_w3,3,139.6,414.5,622.2,169.4,178,1.0,1.0,1.0,0
sierpinski_evil,31,31,961,659,no_roads,0,astar_w5,5,63.8,234.9,353.2,86.5,78,1.0,1.0,1.0,0
sierpinski_evil,31,31,961,659,no_roads,0,astar_w_avg,5,65.9,217.5,337.6,85.1,78,1.0,1.0,1.0,0
sierpinski_evil,31,31,961,659,no_roads,0,astar_w_min,5,66.3,202.5,335.6,84.9,78,1.0,1.0,1.0,0
sierpinski_evil,31,31,961,659,no_roads,0,greedy,0,22.6,46.8,69.2,23.6,22,1.1188,1.3962,2.7168,0
sierpinski_evil,31,31,961,659,with_roads,48,dial_exact,0,220.3,381.8,573.2,214.7,324,1.0,1.0,1.0,0
sierpinski_evil,31,31,961,659,with_roads,48,astar_w1,1,207.3,507.8,594.1,226.7,250,1.0,1.0,1.0,0
sierpinski_evil,31,31,961,659,with_roads,48,astar_w3,3,96.8,326.2,424.2,124.9,129,1.0037,1.0,1.2897,0
sierpinski_evil,31,31,961,659,with_roads,48,astar_w5,5,48.5,165.0,291.2,62.6,57,1.0476,1.2663,1.9012,0
sierpinski_evil,31,31,961,659,with_roads,48,astar_w_avg,4,79.9,207.2,469.9,90.6,91,1.0142,1.0838,1.3851,0
sierpinski_evil,31,31,961,659,with_roads,48,astar_w_min,1,217.3,500.7,727.3,234.4,250,1.0,1.0,1.0,0
sierpinski_evil,31,31,961,659,with_roads,48,greedy,0,23.0,55.1,79.9,25.0,22,1.377,2.3636,7.8485,0
socket,50,20,1000,632,no_roads,0,dial_exact,0,240.6,425.8,466.9,238.7,338,1.0,1.0,1.0,0
socket,50,20,1000,632,no_roads,0,astar_w1,1,268.2,500.8,667.8,267.1,311,1.0,1.0,1.0,0
socket,50,20,1000,632,no_roads,0,astar_w3,3,219.6,437.6,509.5,224.2,245,1.0,1.0,1.0,0
socket,50,20,1000,632,no_roads,0,astar_w5,5,155.3,474.1,612.7,184.5,173,1.0,1.0,1.0,0
socket,50,20,1000,632,no_roads,0,astar_w_avg,5,156.3,500.4,714.8,190.0,173,1.0,1.0,1.0,0
socket,50,20,1000,632,no_roads,0,astar_w_min,5,163.3,484.2,576.5,187.4,173,1.0,1.0,1.0,0
socket,50,20,1000,632,no_roads,0,greedy,0,47.3,183.6,268.9,67.2,85,1.1018,1.3028,1.5972,0
socket,50,20,1000,632,with_roads,125,dial_exact,0,232.5,390.3,561.7,222.2,335,1.0,1.0,1.0,0
socket,50,20,1000,632,with_roads,125,astar_w1,1,178.8,477.3,541.6,202.8,225,1.0,1.0,1.0,0
socket,50,20,1000,632,with_roads,125,astar_w3,3,85.8,270.8,489.9,109.0,107,1.0036,1.0449,1.087,0
socket,50,20,1000,632,with_roads,125,astar_w5,5,71.7,300.1,457.4,106.4,98,1.08,1.4386,2.1284,0
socket,50,20,1000,632,with_roads,125,astar_w_avg,4,77.8,258.2,323.4,104.1,100,1.0237,1.2246,1.52,0
socket,50,20,1000,632,with_roads,125,astar_w_min,1,175.7,474.3,558.8,202.6,225,1.0,1.0,1.0,0
socket,50,20,1000,632,with_roads,125,greedy,0,47.7,181.9,224.7,66.8,85,2.1274,3.3945,3.875,0
starry_night,50,41,2050,1730,no_roads,0,dial_exact,0,623.4,1327.3,1432.1,670.0,786,1.0,1.0,1.0,0
starry_night,50,41,2050,1730,no_roads,0,astar_w1,1,621.1,1667.8,2235.8,732.6,638,1.0,1.0,1.0,0
starry_night,50,41,2050,1730,no_roads,0,astar_w3,3,361.4,1209.8,1801.3,456.0,375,1.0,1.0,1.0,0
starry_night,50,41,2050,1730,no_roads,0,astar_w5,5,139.6,447.4,1052.9,176.3,135,1.0,1.0,1.0,0
starry_night,50,41,2050,1730,no_roads,0,astar_w_avg,5,133.3,469.7,1206.4,178.9,135,1.0,1.0,1.0,0
starry_night,50,41,2050,1730,no_roads,0,astar_w_min,5,134.0,417.3,1004.3,172.4,135,1.0,1.0,1.0,0
starry_night,50,41,2050,1730,no_roads,0,greedy,0,33.2,68.8,100.4,35.0,27,1.1159,1.36,1.5543,0
starry_night,50,41,2050,1730,with_roads,60,dial_exact,0,572.5,1191.5,1309.2,608.8,781,1.0,1.0,1.0,0
starry_night,50,41,2050,1730,with_roads,60,astar_w1,1,512.9,1505.5,1736.6,632.6,601,1.0,1.0,1.0,0
starry_night,50,41,2050,1730,with_roads,60,astar_w3,3,215.3,1086.7,1699.6,368.2,313,1.0123,1.0704,1.7778,0
starry_night,50,41,2050,1730,with_roads,60,astar_w5,5,91.7,425.9,2129.6,144.4,109,1.0871,1.4177,2.2432,0
starry_night,50,41,2050,1730,with_roads,60,astar_w_avg,4,165.8,766.9,1772.2,250.0,216,1.0302,1.2074,1.7778,0
starry_night,50,41,2050,1730,with_roads,60,astar_w_min,1,513.4,1489.2,1743.8,631.1,601,1.0,1.0,1.0,0
starry_night,50,41,2050,1730,with_roads,60,greedy,0,33.0,68.5,93.5,35.1,27,1.3107,2.0208,3.5128,0
tiles,40,30,1200,808,no_roads,0,dial_exact,0,205.0,424.0,716.3,216.1,318,1.0,1.0,1.0,0
tiles,40,30,1200,808,no_roads,0,astar_w1,1,219.3,563.0,643.9,232.3,270,1.0,1.0,1.0,0
tiles,40,30,1200,808,no_roads,0,astar_w3,3,134.2,509.0,661.0,169.8,184,1.0,1.0,1.0,0
tiles,40,30,1200,808,no_roads,0,astar_w5,5,77.6,367.8,559.4,106.6,105,1.0,1.0,1.0,0
tiles,40,30,1200,808,no_roads,0,astar_w_avg,5,79.0,371.9,504.2,105.3,105,1.0,1.0,1.0,0
tiles,40,30,1200,808,no_roads,0,astar_w_min,5,76.1,348.2,517.0,104.8,105,1.0,1.0,1.0,0
tiles,40,30,1200,808,no_roads,0,greedy,0,29.7,74.7,105.3,34.7,38,1.1787,1.5918,2.4492,0
tiles,40,30,1200,808,with_roads,56,dial_exact,0,207.0,405.1,468.1,208.2,317,1.0,1.0,1.0,0
tiles,40,30,1200,808,with_roads,56,astar_w1,1,177.1,518.8,614.5,212.4,242,1.0,1.0,1.0,0
tiles,40,30,1200,808,with_roads,56,astar_w3,3,85.2,339.7,664.4,120.3,130,1.002,1.0,1.1535,0
tiles,40,30,1200,808,with_roads,56,astar_w5,5,57.7,200.6,601.3,77.3,74,1.0408,1.1806,1.6667,0
tiles,40,30,1200,808,with_roads,56,astar_w_avg,4,72.9,250.1,650.4,95.0,97,1.0063,1.0,1.3125,0
tiles,40,30,1200,808,with_roads,56,astar_w_min,1,182.2,484.7,592.9,206.4,242,1.0,1.0,1.0,0
tiles,40,30,1200,808,with_roads,56,greedy,0,30.4,80.2,119.5,36.6,38,1.6354,3.4312,7.5849,0
wasteland_oasis,40,40,1600,960,no_roads,0,dial_exact,0,398.2,641.9,723.7,378.2,528,1.0,1.0,1.0,0
wasteland_oasis,40,40,1600,960,no_roads,0,astar_w1,1,401.5,770.6,1099.0,403.8,438,1.0,1.0,1.0,0
wasteland_oasis,40,40,1600,960,no_roads,0,astar_w3,3,239.5,570.8,889.5,256.5,265,1.0,1.0,1.0,0
wasteland_oasis,40,40,1600,960,no_roads,0,astar_w5,5,98.4,285.7,384.1,114.0,107,1.0,1.0,1.0,0
wasteland_oasis,40,40,1600,960,no_roads,0,astar_w_avg,5,100.0,282.3,389.9,116.0,107,1.0,1.0,1.0,0
wasteland_oasis,40,40,1600,960,no_roads,0,astar_w_min,5,99.6,272.2,367.2,115.4,107,1.0,1.0,1.0,0
wasteland_oasis,40,40,1600,960,no_roads,0,greedy,0,31.4,58.7,81.7,31.7,29,1.1265,1.4076,1.6132,0
wasteland_oasis,40,40,1600,960,with_roads,88,dial_exact,0,377.3,633.5,719.9,367.7,524,1.0,1.0,1.0,0
wasteland_oasis,40,40,1600,960,with_roads,88,astar_w1,1,329.0,755.8,853.7,342.9,378,1.0,1.0,1.0,0
wasteland_oasis,40,40,1600,960,with_roads,88,astar_w3,3,137.8,502.7,698.3,179.3,181,1.0218,1.1192,1.3864,0
wasteland_oasis,40,40,1600,960,with_roads,88,astar_w5,5,72.5,235.2,349.5,88.3,77,1.1585,1.5642,1.9011,0
wasteland_oasis,40,40,1600,960,with_roads,88,astar_w_avg,4,98.7,329.4,467.2,122.7,121,1.077,1.3768,1.5144,0
wasteland_oasis,40,40,1600,960,with_roads,88,astar_w_min,1,322.9,750.0,851.2,343.0,378,1.0,1.0,1.0,0
wasteland_oasis,40,40,1600,960,with_roads,88,greedy,0,29.5,57.3,75.8,29.7,29,1.5898,2.6838,4.2708,0
