map,scenario,n,passable,wall_pct,avg_degree,n_roads,road_frac,tort_p50,tort_p95,tort_max,w1_exp,w3_exp,w5_exp,w2_opt,w3_opt,w4_opt,w5_opt
arena,no_roads,625,570,8.8,6.86,0,0.0,1.047,1.193,2.6,240,142,52,1.0,1.0,1.0,1.0
arena,with_roads,625,570,8.8,6.86,29,0.051,4.667,5.5,13.0,222,102,34,1.0,1.08,1.2807,1.625
battlebot,no_roads,609,456,25.1,5.47,0,0.0,1.067,3.133,19.0,197,137,72,1.0,1.0,1.0,1.0
battlebot,with_roads,609,456,25.1,5.47,43,0.094,4.611,13.0,68.667,176,102,64,1.0755,1.3411,1.6567,3.0
chemistry_class,no_roads,1600,1434,10.4,7.0,0,0.0,1.056,1.344,2.7,625,385,138,1.0,1.0,1.0,1.0
chemistry_class,with_roads,1600,1434,10.4,7.0,63,0.044,4.688,5.75,13.5,570,281,109,1.0825,1.1546,1.2832,2.2403
cinnamon_roll,no_roads,900,712,20.9,6.06,0,0.0,1.061,1.5,2.6,289,176,68,1.0,1.0,1.0,1.0
cinnamon_roll,with_roads,900,712,20.9,6.06,41,0.058,5.05,6.667,12.167,280,150,50,1.0392,1.3636,1.3696,1.6522
corridors,no_roads,961,748,22.2,5.68,0,0.0,1.432,3.717,6.6,321,225,126,1.0,1.0,1.0,1.0
corridors,with_roads,961,748,22.2,5.68,53,0.071,5.625,17.0,31.75,321,192,115,1.0251,1.0945,1.1084,2.25
default_large1,no_roads,1600,1444,9.8,7.07,0,0.0,1.05,1.371,3.85,611,359,123,1.0,1.0,1.0,1.0
default_large1,with_roads,1600,1444,9.8,7.07,80,0.055,3.8,5.727,19.25,505,171,68,1.0625,1.2353,1.5317,2.1554
default_large2,no_roads,1500,1266,15.6,6.92,0,0.0,1.1,1.675,3.233,554,355,148,1.0,1.0,1.0,1.0
default_large2,with_roads,1500,1266,15.6,6.92,80,0.063,3.711,7.071,12.0,440,192,102,1.0196,1.219,1.6733,2.3247
default_medium1,no_roads,900,816,9.3,6.95,0,0.0,1.05,1.35,1.645,337,198,71,1.0,1.0,1.0,1.0
default_medium1,with_roads,900,816,9.3,6.95,32,0.039,5.088,6.389,7.3,327,176,57,1.1087,1.128,1.1986,2.0811
default_medium2,no_roads,900,814,9.6,6.89,0,0.0,1.055,1.293,1.567,364,217,76,1.0,1.0,1.0,1.0
default_medium2,with_roads,900,814,9.6,6.89,56,0.069,4.326,5.769,7.833,324,150,49,1.0276,1.2056,1.8305,2.5556
default_small1,no_roads,400,360,10.0,6.58,0,0.0,1.047,1.186,2.1,152,91,32,1.0,1.0,1.0,1.0
default_small1,with_roads,400,360,10.0,6.58,8,0.022,5.214,5.929,10.5,152,89,32,1.0,1.0,1.0494,1.1732
default_small2,no_roads,441,373,15.4,6.24,0,0.0,1.067,1.614,6.35,158,105,48,1.0,1.0,1.0,1.0
default_small2,with_roads,441,373,15.4,6.24,31,0.083,5.062,6.95,16.25,147,85,42,1.1026,1.1105,1.746,2.2
dna,no_roads,1050,804,23.4,6.19,0,0.0,1.207,2.879,3.657,299,250,165,1.0,1.0,1.0,1.0
dna,with_roads,1050,804,23.4,6.19,71,0.088,4.132,8.382,12.25,265,170,155,1.0258,1.0641,1.3467,2.6744
face,no_roads,400,350,12.5,6.47,0,0.0,1.05,1.289,1.462,144,87,33,1.0,1.0,1.0,1.0
face,with_roads,400,350,12.5,6.47,26,0.074,5.091,6.0,7.0,138,75,26,1.0,1.0648,1.3125,1.7091
galaxy,no_roads,1600,1442,9.9,7.04,0,0.0,1.054,1.261,2.65,577,329,110,1.0,1.0,1.0,1.0
galaxy,with_roads,1600,1442,9.9,7.04,71,0.049,4.905,6.125,13.25,556,273,85,1.119,1.3922,1.4314,1.5882
hooks,no_roads,961,797,17.1,6.33,0,0.0,1.1,1.57,3.1,337,209,85,1.0,1.0,1.0,1.0
hooks,with_roads,961,797,17.1,6.33,54,0.068,4.52,6.429,15.5,304,145,61,1.0986,1.1739,1.2202,1.5398
hourglass,no_roads,1215,1011,16.8,6.6,0,0.0,1.033,1.26,1.3,119,80,31,1.0,1.0,1.0,1.0
hourglass,with_roads,1215,1011,16.8,6.6,0,0.0,1.033,1.26,1.3,119,80,31,1.0,1.0,1.0,1.0
landscape,no_roads,900,758,15.8,6.52,0,0.0,1.06,1.415,1.688,344,207,77,1.0,1.0,1.0,1.0
landscape,with_roads,900,758,15.8,6.52,31,0.041,5.075,6.786,8.438,326,187,63,1.0662,1.1667,1.4186,1.4186
minimaze,no_roads,625,446,28.6,5.34,0,0.0,1.285,2.7,3.5,174,117,68,1.0,1.0,1.0,1.0
minimaze,with_roads,625,446,28.6,5.34,61,0.137,4.938,10.083,16.75,162,91,51,1.1746,1.5556,1.9259,1.9259
pls_buy_cucats_merch,no_roads,2401,2081,13.3,6.8,0,0.0,1.071,1.384,1.589,827,475,164,1.0,1.0,1.0,1.0
pls_buy_cucats_merch,with_roads,2401,2081,13.3,6.8,66,0.032,4.55,6.318,7.944,728,327,117,1.0,1.4444,1.6267,2.2444
shish_kebab,no_roads,400,336,16.0,6.48,0,0.0,1.075,1.386,2.15,141,84,34,1.0,1.0,1.0,1.0
shish_kebab,with_roads,400,336,16.0,6.48,32,0.095,4.429,6.643,10.75,130,59,27,1.0,1.2258,2.0,3.0909
thread_of_connection,no_roads,400,304,24.0,5.61,0,0.0,1.26,3.667,5.08,139,111,74,1.0,1.0,1.0,1.0
thread_of_connection,with_roads,400,304,24.0,5.61,21,0.069,5.529,15.1,23.583,133,103,74,1.0,1.0769,1.0845,1.5714
tree_of_life,no_roads,1170,1041,11.0,6.87,0,0.0,1.055,1.456,1.98,417,255,94,1.0,1.0,1.0,1.0
tree_of_life,with_roads,1170,1041,11.0,6.87,48,0.046,5.125,6.654,9.188,385,196,76,1.013,1.2697,1.3696,3.0492
wasteland,no_roads,1600,1156,27.7,5.43,0,0.0,1.057,1.229,1.417,461,265,95,1.0,1.0,1.0,1.0
wasteland,with_roads,1600,1156,27.7,5.43,72,0.062,4.845,5.909,7.083,430,238,84,1.0684,1.3495,1.5043,2.2267
bar_chart,no_roads,1400,1032,26.3,5.68,0,0.0,1.087,1.981,5.867,245,156,75,1.0,1.0,1.0,1.0
bar_chart,with_roads,1400,1032,26.3,5.68,60,0.058,4.471,7.381,28.167,231,103,51,1.0116,1.1318,1.1684,1.4439
binary_tree,no_roads,1230,1021,17.0,6.81,0,0.0,1.132,2.231,3.8,437,286,143,1.0,1.0,1.0,1.0
binary_tree,with_roads,1230,1021,17.0,6.81,48,0.047,4.9,8.654,16.0,417,230,117,1.0143,1.2241,1.5769,2.2292
butterfly,no_roads,961,633,34.1,6.13,0,0.0,1.029,1.1,1.2,59,39,16,1.0,1.0,1.0,1.0
butterfly,with_roads,961,633,34.1,6.13,0,0.0,1.029,1.1,1.2,59,39,16,1.0,1.0,1.0,1.0
cold,no_roads,1369,1138,16.9,6.62,0,0.0,1.065,1.494,1.9,476,298,120,1.0,1.0,1.0,1.0
cold,with_roads,1369,1138,16.9,6.62,33,0.029,4.7,5.929,9.5,421,207,81,1.0,1.1429,1.3559,1.469
cubes,no_roads,2500,1944,22.2,6.25,0,0.0,1.224,2.268,3.85,909,596,310,1.0,1.0,1.0,1.0
cubes,with_roads,2500,1944,22.2,6.25,82,0.042,4.511,9.4,17.417,739,331,183,1.0816,1.3061,1.3061,1.5496
gaussian,no_roads,700,599,14.4,6.59,0,0.0,1.05,1.453,2.325,275,178,70,1.0,1.0,1.0,1.0
gaussian,with_roads,700,599,14.4,6.59,31,0.052,4.636,5.5,7.75,253,140,56,1.0,1.1087,1.1087,1.3913
git_branches,no_roads,1750,1352,22.7,6.24,0,0.0,1.067,2.645,3.529,314,223,111,1.0,1.0,1.0,1.0
git_branches,with_roads,1750,1352,22.7,6.24,26,0.019,5.125,13.0,17.643,306,190,99,1.0,1.0,1.4331,2.5
mandelbrot,no_roads,2050,1692,17.5,6.75,0,0.0,1.121,1.793,2.444,683,471,236,1.0,1.0,1.0,1.0
mandelbrot,with_roads,2050,1692,17.5,6.75,56,0.033,5.125,6.946,9.385,637,388,187,1.0069,1.0069,1.6226,2.12
pixel_forest,no_roads,1125,874,22.3,6.08,0,0.0,1.157,1.8,7.7,321,215,112,1.0,1.0,1.0,1.0
pixel_forest,with_roads,1125,874,22.3,6.08,33,0.038,5.0,7.944,32.25,302,160,67,1.0169,1.2333,1.3458,1.3458
settlement,no_roads,1900,1614,15.1,6.87,0,0.0,1.05,1.325,2.625,640,386,136,1.0,1.0,1.0,1.0
settlement,with_roads,1900,1614,15.1,6.87,131,0.081,3.885,5.895,8.643,551,249,83,1.2338,1.4688,1.84,2.0469
sierpinski_evil,no_roads,961,659,31.4,6.02,0,0.0,1.1,1.7,2.208,277,178,78,1.0,1.0,1.0,1.0
sierpinski_evil,with_roads,961,659,31.4,6.02,48,0.073,4.967,6.786,9.833,250,129,57,1.0,1.2897,1.3851,1.9012
socket,no_roads,1000,632,36.8,5.52,0,0.0,1.321,4.93,9.657,311,245,173,1.0,1.0,1.0,1.0
socket,with_roads,1000,632,36.8,5.52,124,0.196,2.625,9.0,12.786,225,107,98,1.087,1.087,1.52,2.1284
starry_night,no_roads,2050,1730,15.6,6.77,0,0.0,1.06,1.75,3.14,638,375,135,1.0,1.0,1.0,1.0
starry_night,with_roads,2050,1730,15.6,6.77,60,0.035,4.92,8.417,15.7,601,313,109,1.284,1.7778,1.7778,2.2432
tiles,no_roads,1200,808,32.7,4.94,0,0.0,1.377,2.1,4.475,270,184,105,1.0,1.0,1.0,1.0
tiles,with_roads,1200,808,32.7,4.94,56,0.069,4.882,9.0,22.375,242,130,74,1.0229,1.1535,1.3125,1.6667
wasteland_oasis,no_roads,1600,960,40.0,4.55,0,0.0,1.091,1.446,2.4,438,265,107,1.0,1.0,1.0,1.0
wasteland_oasis,with_roads,1600,960,40.0,4.55,88,0.092,3.9,6.188,10.5,378,181,77,1.1304,1.3864,1.5144,1.9011
