map,width,height,n_tiles,n_passable,heuristic,pairs_tested,tles,incorrect,mean_time_us,time_p0.05_us,time_p0.25_us,time_p0.50_us,time_p0.75_us,time_p0.95_us,time_p1.00_us,mean_expansions,exp_p0.05,exp_p0.25,exp_p0.50,exp_p0.75,exp_p0.95,exp_p1.00
arena,25,25,625,584,manhattan,200,0,28,44.2,14.18,24.45,38.73,53.06,88.51,292.47,14.7,4.0,8.0,13.0,17.0,32.0,113.0
arena,25,25,625,584,chebyshev,200,0,0,123.06,18.45,43.17,87.7,164.43,368.03,748.32,40.5,4.0,13.8,29.5,55.5,119.5,254.0
arena,25,25,625,584,landmark_k4,200,0,0,228.77,19.44,54.8,137.94,359.5,682.12,930.21,70.0,4.0,14.0,40.0,112.5,215.1,297.0
arena,25,25,625,584,landmark_k8,200,0,0,200.06,25.98,66.57,126.24,270.02,595.51,788.37,44.9,4.0,13.0,29.0,59.2,137.0,204.0
arena,25,25,625,584,landmark_k12,200,0,0,214.7,33.87,84.23,151.06,287.56,632.34,1031.17,38.4,4.0,13.0,28.0,53.2,115.1,157.0
arena,25,25,625,584,landmark_k16,200,0,0,248.36,38.98,92.02,184.18,342.74,677.92,977.53,37.8,4.0,13.0,28.0,53.2,112.1,149.0
arena,25,25,625,584,landmark_k24,200,0,0,313.18,49.92,126.41,233.4,426.02,810.51,1250.23,37.3,4.0,13.0,27.5,52.2,111.0,149.0
arena,25,25,625,584,landmark_k32,200,0,0,385.63,61.17,159.72,286.34,526.35,1064.04,1618.87,37.2,4.0,13.0,27.0,52.2,110.0,147.0
arena,25,25,625,584,landmark_k64,200,0,0,664.87,117.1,271.7,474.13,926.92,1702.71,2481.83,36.9,4.0,13.0,25.5,51.5,109.0,146.0
arena,25,25,625,584,apsp,200,0,0,90.48,12.41,36.17,64.21,125.09,247.3,356.69,36.5,4.0,13.0,25.0,51.5,106.1,141.0
battlebot,21,29,609,479,manhattan,200,0,46,133.66,12.49,29.8,50.84,99.85,715.65,1530.88,53.7,3.0,10.0,18.0,38.0,278.6,613.0
battlebot,21,29,609,479,chebyshev,200,0,0,205.64,14.4,43.43,105.29,241.41,856.62,1275.87,78.1,4.0,13.0,38.5,91.2,339.5,466.0
battlebot,21,29,609,479,landmark_k4,200,0,0,185.79,16.53,51.55,142.49,273.83,557.55,799.1,59.4,4.0,15.8,44.0,87.8,170.5,253.0
battlebot,21,29,609,479,landmark_k8,200,0,0,200.22,21.5,58.59,151.9,274.19,583.25,845.42,50.7,4.0,13.0,39.0,73.0,148.1,214.0
battlebot,21,29,609,479,landmark_k12,200,0,0,223.85,25.16,68.7,162.82,303.95,661.97,969.16,47.1,4.0,13.0,34.0,66.0,143.2,214.0
battlebot,21,29,609,479,landmark_k16,200,0,0,268.24,30.74,84.26,217.31,356.44,776.62,1226.51,45.4,4.0,13.0,32.0,61.0,130.6,214.0
battlebot,21,29,609,479,landmark_k24,200,0,0,347.67,43.41,113.5,261.88,451.9,959.83,1604.64,43.5,4.0,12.8,31.5,57.0,126.8,214.0
battlebot,21,29,609,479,landmark_k32,200,0,0,387.75,49.58,127.03,295.89,518.93,1083.1,1782.65,43.1,4.0,12.0,31.0,57.0,126.8,214.0
battlebot,21,29,609,479,landmark_k64,200,0,0,639.91,85.34,216.17,486.4,849.23,1872.79,3091.89,41.8,4.0,11.8,30.0,54.2,126.8,214.0
battlebot,21,29,609,479,apsp,200,0,0,95.67,11.1,30.73,67.0,127.33,310.19,480.55,41.2,4.0,11.0,29.5,54.2,126.8,214.0
chemistry_class,40,40,1600,1478,manhattan,200,0,27,115.53,13.98,43.33,71.5,109.29,323.06,1235.29,40.9,4.0,14.0,25.0,38.0,130.1,450.0
chemistry_class,40,40,1600,1478,chebyshev,200,0,0,356.9,20.74,100.17,248.99,551.78,887.58,2789.83,117.4,5.0,34.0,87.5,183.8,287.8,756.0
chemistry_class,40,40,1600,1478,landmark_k4,200,0,0,482.65,27.04,136.51,350.2,716.26,1449.2,2311.92,145.0,5.0,37.0,110.0,208.2,443.5,680.0
chemistry_class,40,40,1600,1478,landmark_k8,200,0,0,469.91,30.97,162.48,362.81,691.47,1208.59,2018.11,106.0,5.0,34.8,78.5,157.2,287.3,441.0
chemistry_class,40,40,1600,1478,landmark_k12,200,0,0,537.01,42.07,190.93,403.83,783.64,1406.77,2124.32,89.8,5.0,29.8,66.0,134.0,252.1,326.0
chemistry_class,40,40,1600,1478,landmark_k16,200,0,0,593.12,41.58,198.93,439.06,840.54,1756.7,2780.36,89.2,5.0,29.0,65.5,131.8,250.1,326.0
chemistry_class,40,40,1600,1478,landmark_k24,200,0,0,717.67,62.04,257.73,549.68,1006.6,1901.91,2655.61,86.6,5.0,29.0,64.5,127.2,241.4,326.0
chemistry_class,40,40,1600,1478,landmark_k32,200,0,0,872.94,66.49,296.83,663.11,1230.49,2347.07,3479.93,86.2,5.0,28.8,64.5,127.2,241.2,326.0
chemistry_class,40,40,1600,1478,landmark_k64,200,1,0,1516.25,128.68,536.78,1168.79,2109.04,3959.13,5612.7,85.2,5.0,28.8,64.5,126.2,225.5,320.0
chemistry_class,40,40,1600,1478,apsp,200,0,0,216.38,16.4,77.72,165.84,310.56,613.26,806.31,84.0,5.0,28.0,64.5,126.2,225.4,312.0
cinnamon_roll,30,30,900,730,manhattan,200,0,67,68.89,14.02,34.03,56.27,87.86,152.43,512.49,24.7,5.0,13.0,21.0,31.0,56.0,191.0
cinnamon_roll,30,30,900,730,chebyshev,200,0,0,199.89,17.43,67.94,155.11,291.24,535.84,753.44,72.4,5.0,24.0,57.5,109.2,185.4,290.0
cinnamon_roll,30,30,900,730,landmark_k4,200,0,0,211.8,22.62,73.66,152.99,300.55,606.69,837.75,66.1,5.0,21.8,46.5,97.2,188.0,265.0
cinnamon_roll,30,30,900,730,landmark_k8,200,0,0,234.16,26.14,85.58,180.74,343.02,582.42,809.53,59.0,5.0,19.0,43.5,88.2,158.0,219.0
cinnamon_roll,30,30,900,730,landmark_k12,200,0,0,269.07,31.7,99.97,205.83,397.17,684.76,929.82,55.4,5.0,17.8,43.0,84.8,149.1,213.0
cinnamon_roll,30,30,900,730,landmark_k16,200,0,0,299.97,36.55,114.5,231.81,466.51,731.93,1021.98,53.6,5.0,17.8,42.0,84.0,137.2,200.0
cinnamon_roll,30,30,900,730,landmark_k24,200,0,0,369.89,47.61,141.88,289.94,532.2,908.71,1238.37,51.1,5.0,17.8,41.0,79.2,130.0,166.0
cinnamon_roll,30,30,900,730,landmark_k32,200,0,0,435.18,62.28,175.07,356.05,636.0,1047.28,1416.62,49.3,5.0,17.8,39.5,74.2,127.0,158.0
cinnamon_roll,30,30,900,730,landmark_k64,200,0,0,729.29,106.97,303.57,573.92,1050.97,1762.31,2373.94,46.9,5.0,17.8,37.0,69.2,122.1,158.0
cinnamon_roll,30,30,900,730,apsp,200,0,0,108.05,13.74,41.82,81.94,156.55,270.93,376.99,45.3,5.0,17.0,36.0,67.0,115.0,158.0
corridors,31,31,961,786,manhattan,200,0,3,188.28,20.02,63.01,130.17,250.55,599.32,938.94,75.8,6.0,21.8,54.0,101.0,255.1,385.0
corridors,31,31,961,786,chebyshev,200,0,0,352.71,22.3,127.75,236.25,454.58,1106.98,1565.62,133.2,6.0,48.5,92.5,176.5,408.2,579.0
corridors,31,31,961,786,landmark_k4,200,0,0,370.02,36.27,98.28,269.94,532.81,957.3,1618.52,128.7,9.0,30.0,89.0,202.5,351.7,567.0
corridors,31,31,961,786,landmark_k8,200,0,0,416.36,40.4,117.92,297.93,654.55,1085.23,1801.38,116.8,7.0,29.0,76.5,186.8,329.3,539.0
corridors,31,31,961,786,landmark_k12,200,0,0,277.39,42.33,135.35,212.62,331.55,664.78,1727.65,57.6,7.0,27.0,45.0,72.0,140.0,373.0
corridors,31,31,961,786,landmark_k16,200,0,0,304.51,50.74,156.22,245.24,368.01,714.48,1947.06,54.8,7.0,26.0,43.5,71.0,136.1,370.0
corridors,31,31,961,786,landmark_k24,200,0,0,375.6,67.76,195.28,307.74,468.83,830.39,2443.35,52.2,7.0,26.0,41.5,70.0,117.0,370.0
corridors,31,31,961,786,landmark_k32,200,0,0,445.31,79.16,239.42,363.24,554.58,977.78,2909.71,51.4,7.0,26.0,41.0,68.0,115.1,370.0
corridors,31,31,961,786,landmark_k64,200,0,0,760.75,146.67,404.86,614.02,972.81,1698.83,4868.45,50.6,7.0,26.0,41.0,66.0,113.1,356.0
corridors,31,31,961,786,apsp,200,0,0,117.86,19.62,60.13,98.02,149.07,257.75,817.72,49.6,6.0,25.8,41.0,63.2,112.0,355.0
default_large1,40,40,1600,1474,manhattan,200,0,32,105.66,17.75,41.57,77.41,111.47,261.16,1329.74,35.7,5.0,14.0,26.0,37.0,89.0,435.0
default_large1,40,40,1600,1474,chebyshev,200,0,0,392.58,27.58,96.52,274.2,549.17,1138.4,2339.68,122.1,6.0,30.0,85.5,177.2,336.1,711.0
default_large1,40,40,1600,1474,landmark_k4,200,0,0,587.25,32.0,110.27,389.62,905.31,1721.12,2671.88,169.3,7.0,30.8,113.0,262.2,505.7,787.0
default_large1,40,40,1600,1474,landmark_k8,200,0,0,586.71,34.52,130.04,369.58,896.95,1706.22,2931.64,127.2,6.0,25.0,78.0,195.0,375.3,644.0
default_large1,40,40,1600,1474,landmark_k12,200,0,0,590.38,44.45,145.73,390.41,892.59,1541.92,2912.85,105.0,6.0,25.0,68.0,161.8,281.3,506.0
default_large1,40,40,1600,1474,landmark_k16,200,0,0,722.25,60.33,190.45,496.45,1117.97,1854.35,3246.44,102.4,6.0,25.0,67.5,157.0,276.1,470.0
default_large1,40,40,1600,1474,landmark_k24,200,0,0,871.83,71.65,222.9,584.65,1371.86,2353.34,3790.81,98.9,6.0,24.0,66.0,154.5,260.8,456.0
default_large1,40,40,1600,1474,landmark_k32,200,0,0,1050.09,92.94,276.79,708.33,1594.22,2769.47,4614.85,97.5,6.0,24.0,66.0,154.5,258.9,456.0
default_large1,40,40,1600,1474,landmark_k64,200,6,0,1772.72,152.43,500.1,1229.14,2793.91,4910.74,6007.3,94.5,6.0,24.0,66.0,148.0,256.6,320.0
default_large1,40,40,1600,1474,apsp,200,0,0,264.76,21.38,71.14,176.29,414.19,701.46,1228.61,94.1,6.0,24.0,63.5,147.0,257.0,433.0
default_large2,50,30,1500,1302,manhattan,200,0,19,207.2,19.01,46.63,107.61,278.59,714.94,1070.51,72.8,5.0,16.0,39.5,99.5,255.1,364.0
default_large2,50,30,1500,1302,chebyshev,200,0,0,467.47,28.97,109.38,279.9,761.56,1365.68,2616.17,150.0,7.9,36.0,96.5,235.2,429.1,738.0
default_large2,50,30,1500,1302,landmark_k4,200,0,0,507.4,35.04,152.71,361.84,761.8,1520.15,2801.23,142.7,8.9,42.0,101.0,213.8,385.8,766.0
default_large2,50,30,1500,1302,landmark_k8,200,0,0,441.98,42.78,141.52,282.82,601.29,1192.42,2825.61,102.2,7.9,31.0,64.0,146.0,285.1,615.0
default_large2,50,30,1500,1302,landmark_k12,200,0,0,498.53,53.58,153.03,328.19,710.01,1424.28,2286.42,94.8,7.9,27.8,62.0,135.5,262.6,441.0
default_large2,50,30,1500,1302,landmark_k16,200,0,0,557.59,62.05,200.34,374.77,694.07,1641.52,2563.08,89.3,7.9,26.8,60.0,111.2,252.3,414.0
default_large2,50,30,1500,1302,landmark_k24,200,0,0,696.19,81.46,231.74,475.5,915.07,2092.96,2902.91,85.0,7.9,25.8,59.0,105.5,250.0,355.0
default_large2,50,30,1500,1302,landmark_k32,200,0,0,839.77,98.25,285.54,579.83,1095.58,2465.44,3559.49,84.0,7.9,25.5,58.5,105.5,250.0,355.0
default_large2,50,30,1500,1302,landmark_k64,200,2,0,1517.05,196.92,486.5,1045.9,1917.81,4565.01,6220.61,81.9,7.9,24.8,57.5,104.2,245.0,320.0
default_large2,50,30,1500,1302,apsp,200,0,0,219.36,22.93,75.5,146.61,284.8,642.56,971.11,80.5,7.9,24.8,57.5,104.0,231.3,324.0
default_medium1,30,30,900,842,manhattan,200,0,46,63.22,12.66,32.41,52.81,79.56,142.17,260.87,21.3,4.0,10.0,18.0,27.0,53.0,96.0
default_medium1,30,30,900,842,chebyshev,200,0,0,183.69,15.05,59.67,134.63,286.43,539.46,837.46,60.5,4.0,17.0,43.5,96.0,180.0,269.0
default_medium1,30,30,900,842,landmark_k4,200,0,0,300.63,21.77,65.36,181.2,444.04,889.07,1186.28,85.0,4.0,16.0,47.5,122.0,271.0,360.0
default_medium1,30,30,900,842,landmark_k8,200,0,0,298.67,27.81,77.28,195.72,462.45,861.07,1191.1,66.2,4.0,15.0,39.5,99.8,198.1,294.0
default_medium1,30,30,900,842,landmark_k12,200,0,0,304.64,32.07,92.07,209.67,457.8,881.48,1278.44,55.0,4.0,15.0,38.0,83.2,153.0,247.0
default_medium1,30,30,900,842,landmark_k16,200,0,0,337.68,39.03,104.22,239.6,517.95,883.62,1442.89,53.2,4.0,15.0,37.0,82.2,140.1,236.0
default_medium1,30,30,900,842,landmark_k24,200,0,0,430.01,44.78,133.82,312.34,648.51,1146.04,1833.69,51.9,4.0,15.0,35.0,81.2,140.1,236.0
default_medium1,30,30,900,842,landmark_k32,200,0,0,555.35,63.72,169.2,420.27,854.17,1433.44,2438.09,51.3,4.0,15.0,35.0,81.2,140.1,219.0
default_medium1,30,30,900,842,landmark_k64,200,0,0,931.29,111.53,303.36,674.03,1436.93,2413.86,3785.12,50.5,4.0,14.8,35.0,79.5,138.1,217.0
default_medium1,30,30,900,842,apsp,200,0,0,130.87,12.09,42.75,91.39,195.26,344.32,528.35,49.8,4.0,14.0,35.0,78.2,138.0,209.0
default_medium2,30,30,900,842,manhattan,200,0,29,66.31,11.9,34.03,54.08,77.43,161.7,431.6,21.6,3.0,11.0,18.0,26.2,53.2,118.0
default_medium2,30,30,900,842,chebyshev,200,0,0,194.11,17.0,58.71,149.64,246.39,586.53,1049.64,61.5,4.0,18.0,49.0,82.0,199.1,267.0
default_medium2,30,30,900,842,landmark_k4,200,0,0,238.95,17.19,63.48,167.65,321.87,716.49,1280.34,69.4,4.0,17.5,49.0,97.0,207.2,333.0
default_medium2,30,30,900,842,landmark_k8,200,0,0,257.42,22.7,77.15,198.74,327.18,797.25,1263.01,57.7,4.0,15.0,43.5,73.5,185.2,299.0
default_medium2,30,30,900,842,landmark_k12,200,0,0,303.57,28.28,95.08,235.54,382.97,951.13,1281.13,55.1,4.0,15.0,42.5,71.5,172.6,240.0
default_medium2,30,30,900,842,landmark_k16,200,0,0,346.16,31.35,107.73,273.17,442.84,1112.75,1561.07,54.3,4.0,15.0,41.5,71.5,170.5,236.0
default_medium2,30,30,900,842,landmark_k24,200,0,0,438.06,47.04,149.9,351.65,582.52,1272.31,1950.54,51.7,4.0,15.0,40.0,69.2,156.6,223.0
default_medium2,30,30,900,842,landmark_k32,200,0,0,529.39,52.43,182.89,412.33,716.72,1547.92,2236.82,51.2,4.0,14.8,40.0,69.2,156.4,223.0
default_medium2,30,30,900,842,landmark_k64,200,0,0,898.72,94.83,319.08,718.9,1220.22,2684.29,3640.69,49.8,4.0,14.8,39.5,68.0,156.1,212.0
default_medium2,30,30,900,842,apsp,200,0,0,123.26,13.03,41.42,96.88,160.52,375.9,608.81,49.0,4.0,14.8,38.5,68.0,153.1,208.0
default_small1,20,20,400,374,manhattan,200,0,16,36.66,8.18,21.91,32.18,47.6,77.83,183.19,11.3,2.0,6.8,10.0,14.0,27.0,68.0
default_small1,20,20,400,374,chebyshev,200,0,0,84.33,9.31,33.12,60.69,114.2,218.69,471.49,26.2,2.0,10.0,18.0,37.0,70.0,138.0
default_small1,20,20,400,374,landmark_k4,200,0,0,113.63,12.22,43.68,77.53,163.53,308.37,444.48,31.3,2.0,10.0,21.0,48.0,94.2,119.0
default_small1,20,20,400,374,landmark_k8,200,0,0,116.39,15.19,49.62,88.69,167.41,298.34,503.08,25.1,2.0,9.0,18.0,37.2,68.0,117.0
default_small1,20,20,400,374,landmark_k12,200,0,0,135.03,19.16,58.01,98.42,204.63,329.94,553.36,23.9,2.0,9.0,17.0,36.0,65.0,100.0
default_small1,20,20,400,374,landmark_k16,200,0,0,162.08,21.55,66.54,121.88,242.28,415.71,569.8,23.5,2.0,8.8,17.0,36.0,65.0,100.0
default_small1,20,20,400,374,landmark_k24,200,0,0,212.54,29.17,95.16,165.9,303.91,529.13,767.57,23.0,2.0,8.8,16.5,35.2,61.1,98.0
default_small1,20,20,400,374,landmark_k32,200,0,0,273.92,38.73,119.98,208.35,407.04,686.6,1036.54,22.8,2.0,8.8,16.0,34.2,61.0,98.0
default_small1,20,20,400,374,landmark_k64,200,0,0,444.98,61.4,192.42,331.55,665.03,1146.64,1773.27,22.7,2.0,8.8,16.0,34.2,61.0,97.0
default_small1,20,20,400,374,apsp,200,0,0,83.83,9.58,35.02,62.96,122.65,203.18,341.3,22.5,2.0,8.8,16.0,31.5,59.1,95.0
default_small2,21,21,441,391,manhattan,200,0,20,83.46,9.74,28.48,53.29,103.77,262.26,731.44,26.9,3.0,9.0,16.0,32.2,89.2,221.0
default_small2,21,21,441,391,chebyshev,200,0,0,152.67,13.11,49.93,116.5,195.74,461.74,1050.65,45.6,3.0,13.0,32.5,60.2,138.0,281.0
default_small2,21,21,441,391,landmark_k4,200,0,0,201.63,14.34,58.46,156.04,292.82,550.87,929.32,55.0,3.0,14.8,41.0,78.8,151.2,252.0
default_small2,21,21,441,391,landmark_k8,200,0,0,174.7,20.06,67.41,142.02,245.81,437.77,803.62,33.7,3.0,11.8,27.0,48.0,91.0,186.0
default_small2,21,21,441,391,landmark_k12,200,0,0,194.52,23.24,72.54,163.02,268.41,475.89,901.59,31.8,3.0,11.0,26.0,45.2,76.5,177.0
default_small2,21,21,441,391,landmark_k16,200,0,0,226.07,29.65,94.13,188.52,327.5,537.86,955.31,30.5,3.0,11.0,25.0,44.0,73.1,152.0
default_small2,21,21,441,391,landmark_k24,200,0,0,258.67,33.64,112.82,220.68,364.42,613.95,1251.19,29.2,3.0,11.0,25.0,41.2,70.1,142.0
default_small2,21,21,441,391,landmark_k32,200,0,0,297.85,37.74,138.8,256.72,420.16,685.93,1213.42,28.3,3.0,11.0,25.0,40.2,69.0,131.0
default_small2,21,21,441,391,landmark_k64,200,0,0,495.53,73.14,222.04,447.52,694.56,1135.36,2105.56,28.0,3.0,11.0,25.0,40.0,69.0,131.0
default_small2,21,21,441,391,apsp,200,0,0,67.61,8.74,29.49,59.3,92.36,166.16,294.38,27.7,3.0,11.0,24.5,39.0,69.0,126.0
dna,21,50,1050,958,manhattan,200,0,38,150.0,16.87,43.22,77.89,150.87,577.86,1037.07,44.0,4.0,12.0,21.0,44.5,168.2,277.0
dna,21,50,1050,958,chebyshev,200,0,0,337.8,18.24,89.82,179.27,472.42,1068.89,2011.12,103.3,5.0,25.8,60.0,146.8,336.3,616.0
dna,21,50,1050,958,landmark_k4,200,0,0,489.3,30.21,168.3,374.61,676.93,1312.57,2262.84,135.9,6.9,40.0,117.5,201.2,331.0,602.0
dna,21,50,1050,958,landmark_k8,200,0,0,509.85,31.29,173.82,387.65,760.75,1306.15,2731.43,113.1,5.0,34.0,87.5,165.2,283.0,582.0
dna,21,50,1050,958,landmark_k12,200,0,0,473.53,32.99,149.52,330.89,661.42,1292.16,3761.61,87.7,5.0,28.8,58.0,121.0,239.2,581.0
dna,21,50,1050,958,landmark_k16,200,0,0,491.26,39.5,166.7,318.76,615.37,1539.28,3681.83,76.9,5.0,25.5,50.5,93.8,235.4,581.0
dna,21,50,1050,958,landmark_k24,200,0,0,620.68,63.32,185.02,416.78,815.53,1726.8,4810.34,72.1,5.0,21.0,47.0,92.2,220.2,577.0
dna,21,50,1050,958,landmark_k32,200,1,0,712.06,62.61,209.66,479.37,897.23,1982.39,5103.12,71.1,5.0,20.0,47.0,90.2,216.0,512.0
dna,21,50,1050,958,landmark_k64,200,3,0,1192.51,109.57,381.68,813.94,1523.93,3530.9,5751.92,68.5,5.0,20.0,45.5,90.0,216.0,320.0
dna,21,50,1050,958,apsp,200,0,0,179.95,14.53,54.32,116.24,215.85,552.37,1548.74,68.4,5.0,20.0,44.5,80.2,213.1,539.0
face,20,20,400,362,manhattan,200,0,21,35.37,8.48,20.11,31.46,47.05,66.06,233.32,12.1,2.0,7.0,11.0,16.0,24.0,84.0
face,20,20,400,362,chebyshev,200,0,0,88.21,10.79,29.29,65.34,134.14,223.99,360.04,29.8,2.0,9.8,20.5,46.5,75.1,132.0
face,20,20,400,362,landmark_k4,200,0,0,128.83,14.53,35.73,91.31,199.24,335.46,466.64,40.8,2.0,10.0,27.0,64.0,115.1,159.0
face,20,20,400,362,landmark_k8,200,0,0,133.5,15.71,43.04,94.73,204.7,365.84,479.05,31.0,2.0,9.0,20.0,46.2,92.1,124.0
face,20,20,400,362,landmark_k12,200,0,0,162.28,22.2,60.13,130.77,238.39,421.75,615.3,26.4,2.0,8.8,19.0,41.0,67.1,94.0
face,20,20,400,362,landmark_k16,200,0,0,217.86,28.86,74.71,147.22,352.84,554.57,779.25,26.1,2.0,8.8,19.0,40.0,65.1,94.0
face,20,20,400,362,landmark_k24,200,0,0,272.28,46.58,112.31,209.7,398.46,658.34,846.11,25.8,2.0,8.8,19.0,40.0,64.0,91.0
face,20,20,400,362,landmark_k32,200,0,0,330.82,45.1,120.34,237.4,491.54,797.01,1205.43,25.5,2.0,8.8,19.0,39.0,64.0,80.0
face,20,20,400,362,landmark_k64,200,0,0,570.7,91.78,217.44,404.78,926.33,1400.95,1835.32,25.2,2.0,8.8,18.5,39.0,64.0,80.0
face,20,20,400,362,apsp,200,0,0,73.35,9.32,28.2,53.79,109.48,192.49,272.5,24.9,2.0,8.8,18.0,38.2,63.0,80.0
galaxy,40,40,1600,1466,manhattan,200,0,55,97.7,17.38,46.31,74.17,114.63,300.88,763.0,33.6,5.0,15.0,25.0,39.0,97.7,288.0
galaxy,40,40,1600,1466,chebyshev,200,0,0,339.75,20.96,110.37,250.68,517.99,923.24,1276.89,111.1,6.0,38.0,82.5,168.2,299.1,412.0
galaxy,40,40,1600,1466,landmark_k4,200,0,0,422.57,23.93,127.46,308.33,615.74,1322.05,1826.59,124.4,6.0,38.0,90.0,183.2,379.5,544.0
galaxy,40,40,1600,1466,landmark_k8,200,0,0,461.83,32.15,152.11,334.04,692.04,1342.0,1879.86,106.3,6.0,33.0,74.0,161.0,308.8,436.0
galaxy,40,40,1600,1466,landmark_k12,200,0,0,525.95,36.72,183.72,376.32,800.38,1426.36,2090.28,100.5,6.0,32.8,72.0,152.2,278.4,419.0
galaxy,40,40,1600,1466,landmark_k16,200,0,0,622.51,47.12,217.0,458.01,909.3,1737.07,2487.19,99.3,6.0,31.8,70.0,149.0,278.0,415.0
galaxy,40,40,1600,1466,landmark_k24,200,0,0,756.81,60.19,244.62,571.02,1148.7,2004.72,3067.87,94.1,6.0,30.8,69.0,139.0,263.0,392.0
galaxy,40,40,1600,1466,landmark_k32,200,0,0,959.85,78.74,339.81,723.33,1379.72,2692.95,3897.35,92.3,6.0,29.8,68.0,136.0,249.7,392.0
galaxy,40,40,1600,1466,landmark_k64,200,1,0,1568.03,120.88,524.06,1206.33,2360.08,4211.52,5527.99,88.6,6.0,27.0,64.0,135.0,248.0,320.0
galaxy,40,40,1600,1466,apsp,200,0,0,240.13,17.65,76.08,176.22,368.29,676.49,951.83,87.3,6.0,27.0,64.0,132.0,246.1,362.0
hooks,31,31,961,839,manhattan,200,0,41,104.32,15.22,38.11,87.13,149.55,268.61,481.74,37.2,4.0,11.8,30.0,51.0,92.0,181.0
hooks,31,31,961,839,chebyshev,200,0,0,242.39,16.64,62.89,193.99,332.56,705.2,1344.73,81.3,4.0,21.0,66.5,110.5,224.3,431.0
hooks,31,31,961,839,landmark_k4,200,0,0,278.95,22.34,75.93,193.25,392.26,825.36,1607.81,84.0,5.0,21.0,58.0,119.0,240.5,442.0
hooks,31,31,961,839,landmark_k8,200,0,0,288.65,27.73,93.73,206.64,405.54,825.63,1587.45,68.4,5.0,19.8,46.0,97.5,192.8,379.0
hooks,31,31,961,839,landmark_k12,200,0,0,346.13,34.88,118.3,248.11,465.97,988.41,2401.04,62.7,5.0,19.8,42.0,86.2,177.7,373.0
hooks,31,31,961,839,landmark_k16,200,0,0,342.37,35.77,126.0,260.79,482.6,875.5,1572.61,56.5,4.0,18.0,39.5,82.0,153.2,277.0
hooks,31,31,961,839,landmark_k24,200,0,0,407.46,52.71,162.85,336.06,553.12,1011.3,1957.0,51.2,4.0,17.8,38.0,70.0,135.3,262.0
hooks,31,31,961,839,landmark_k32,200,0,0,492.13,66.58,190.72,391.13,697.68,1204.27,2240.57,49.6,4.0,17.8,38.0,70.0,131.1,253.0
hooks,31,31,961,839,landmark_k64,200,0,0,805.93,102.81,331.25,694.37,1082.07,1911.01,3397.35,46.6,4.0,16.8,37.5,63.0,117.7,218.0
hooks,31,31,961,839,apsp,200,0,0,116.42,14.05,47.55,95.59,156.88,292.3,505.72,44.6,4.0,16.0,37.0,62.2,113.1,186.0
hourglass,27,45,1215,1057,manhattan,104,0,4,93.43,12.1,24.75,47.15,103.37,362.59,498.51,30.7,3.2,7.0,12.5,35.5,126.5,171.0
hourglass,27,45,1215,1057,chebyshev,104,0,0,215.5,13.94,35.42,104.4,288.17,793.18,999.18,68.0,3.2,10.0,33.5,98.5,239.8,304.0
hourglass,27,45,1215,1057,landmark_k4,104,0,0,338.8,24.24,95.37,215.72,458.3,1075.47,1409.51,98.0,5.2,24.5,72.0,135.8,290.0,375.0
hourglass,27,45,1215,1057,landmark_k8,104,0,0,334.76,22.65,67.98,197.34,453.52,1137.33,1357.18,79.2,3.2,13.8,57.0,123.2,244.2,304.0
hourglass,27,45,1215,1057,landmark_k12,104,0,0,396.58,25.77,78.66,231.24,516.89,1327.58,1813.68,77.6,3.2,12.8,54.0,120.8,244.2,304.0
hourglass,27,45,1215,1057,landmark_k16,104,0,0,492.98,33.89,105.95,276.54,668.76,1691.14,2048.24,77.3,3.2,12.8,51.0,120.8,244.2,304.0
hourglass,27,45,1215,1057,landmark_k24,104,0,0,592.74,41.04,123.95,348.08,886.96,1984.95,2467.62,76.9,3.2,12.8,51.0,118.5,239.8,304.0
hourglass,27,45,1215,1057,landmark_k32,104,0,0,717.99,48.72,153.94,389.85,958.33,2450.62,3070.24,76.7,3.2,12.8,50.5,118.5,239.8,304.0
hourglass,27,45,1215,1057,landmark_k64,104,0,0,1198.64,88.96,255.29,623.3,1647.85,4133.78,5034.83,76.5,3.2,12.8,50.0,118.5,239.8,304.0
hourglass,27,45,1215,1057,apsp,104,0,0,176.94,13.27,32.6,86.96,252.21,668.54,814.92,67.6,3.2,10.0,31.0,98.5,239.8,304.0
landscape,30,30,900,840,manhattan,200,0,32,65.6,14.92,28.68,47.15,73.95,177.22,410.22,22.0,4.0,10.0,16.0,24.2,65.0,132.0
landscape,30,30,900,840,chebyshev,200,0,0,180.22,18.35,48.64,111.98,264.72,480.62,785.58,60.1,5.0,15.0,36.5,90.2,166.1,251.0
landscape,30,30,900,840,landmark_k4,200,0,0,236.04,21.14,69.38,161.62,365.63,670.54,1175.92,68.4,5.0,18.0,43.5,106.2,197.6,355.0
landscape,30,30,900,840,landmark_k8,200,0,0,245.25,27.77,73.29,161.22,361.23,627.91,1002.6,54.6,5.0,15.0,34.0,81.2,151.0,225.0
landscape,30,30,900,840,landmark_k12,200,0,0,283.57,34.04,92.31,185.86,410.41,757.51,1119.19,51.9,5.0,15.0,33.0,77.2,145.1,214.0
landscape,30,30,900,840,landmark_k16,200,0,0,328.13,37.29,109.15,220.03,474.39,890.78,1344.65,51.0,5.0,15.0,33.0,76.5,140.3,214.0
landscape,30,30,900,840,landmark_k24,200,0,0,419.14,49.79,134.38,294.49,612.78,1101.68,1707.71,49.4,5.0,14.8,31.0,71.8,134.1,209.0
landscape,30,30,900,840,landmark_k32,200,0,0,519.27,61.64,166.49,351.57,756.84,1366.16,1999.54,48.9,5.0,14.8,31.0,71.8,134.1,205.0
landscape,30,30,900,840,landmark_k64,200,0,0,890.18,112.44,310.8,615.7,1277.94,2412.46,3271.97,47.5,5.0,14.0,31.0,71.0,131.2,187.0
landscape,30,30,900,840,apsp,200,0,0,123.17,14.14,39.16,82.52,173.58,317.48,532.67,46.7,5.0,14.0,31.0,70.0,131.0,177.0
minimaze,25,25,625,480,manhattan,200,0,8,137.95,12.09,55.5,103.89,186.73,344.38,758.68,54.6,3.0,21.0,40.5,77.0,143.7,272.0
minimaze,25,25,625,480,chebyshev,200,0,0,222.93,16.04,91.57,182.77,298.62,624.77,831.55,84.9,3.0,32.8,67.0,114.2,227.1,321.0
minimaze,25,25,625,480,landmark_k4,200,0,0,161.7,18.11,74.52,142.2,216.62,423.13,528.88,53.9,4.0,22.0,44.0,74.5,140.0,169.0
minimaze,25,25,625,480,landmark_k8,200,0,0,176.79,22.42,84.5,149.42,237.98,446.87,554.88,45.6,4.0,20.8,38.0,62.0,117.0,158.0
minimaze,25,25,625,480,landmark_k12,200,0,0,195.06,26.97,96.59,168.45,249.05,478.77,684.96,42.4,4.0,20.0,36.0,55.2,105.4,154.0
minimaze,25,25,625,480,landmark_k16,200,0,0,214.12,31.55,114.39,185.83,283.39,508.45,700.07,39.9,3.0,19.8,35.5,54.0,103.0,143.0
minimaze,25,25,625,480,landmark_k24,200,0,0,273.51,42.54,144.16,247.09,351.9,618.86,905.28,38.3,3.0,18.8,33.5,53.0,91.0,140.0
minimaze,25,25,625,480,landmark_k32,200,0,0,315.2,50.9,178.04,292.45,423.86,672.47,1093.23,36.4,3.0,18.0,32.0,50.2,80.0,133.0
minimaze,25,25,625,480,landmark_k64,200,0,0,528.15,94.41,301.93,488.68,702.11,1070.21,1572.61,34.9,3.0,17.8,31.0,47.2,74.0,117.0
minimaze,25,25,625,480,apsp,200,0,0,77.88,9.3,40.2,72.02,105.34,162.72,292.05,33.7,3.0,17.0,31.0,46.2,69.1,117.0
pls_buy_cucats_merch,49,49,2401,2161,manhattan,200,0,62,148.27,28.1,62.06,99.25,163.98,399.11,1314.65,50.6,8.0,19.0,34.0,56.0,157.0,399.0
pls_buy_cucats_merch,49,49,2401,2161,chebyshev,200,0,0,500.62,47.91,170.92,367.09,748.89,1379.22,2298.12,157.9,13.0,58.0,116.5,247.8,421.2,657.0
pls_buy_cucats_merch,49,49,2401,2161,landmark_k4,200,0,0,658.44,53.76,181.73,402.84,892.72,2132.61,3278.43,193.7,14.0,51.8,120.0,258.2,591.4,901.0
pls_buy_cucats_merch,49,49,2401,2161,landmark_k8,200,0,0,610.03,61.92,207.94,454.48,837.34,1796.76,2864.15,142.1,13.0,46.8,103.0,185.2,418.0,686.0
pls_buy_cucats_merch,49,49,2401,2161,landmark_k12,200,0,0,632.86,95.08,224.97,468.15,899.71,1625.42,3349.49,120.2,13.0,42.5,91.0,169.2,319.0,684.0
pls_buy_cucats_merch,49,49,2401,2161,landmark_k16,200,0,0,719.09,92.61,262.58,560.74,1047.04,1940.29,3644.99,115.3,13.0,40.8,88.5,166.2,302.4,596.0
pls_buy_cucats_merch,49,49,2401,2161,landmark_k24,200,0,0,868.39,103.9,328.05,670.36,1252.75,2234.75,4533.79,110.3,11.0,39.8,82.5,160.5,299.1,576.0
pls_buy_cucats_merch,49,49,2401,2161,landmark_k32,200,0,0,1057.77,125.41,411.95,764.85,1526.3,2642.97,5473.47,107.4,10.0,39.0,79.5,155.2,279.2,571.0
pls_buy_cucats_merch,49,49,2401,2161,landmark_k64,200,5,0,1768.69,228.17,688.88,1344.85,2504.81,4689.37,5716.88,101.0,10.0,38.0,76.5,143.0,267.2,320.0
pls_buy_cucats_merch,49,49,2401,2161,apsp,200,0,0,270.98,33.54,101.09,196.44,353.6,740.78,1417.1,100.2,10.0,37.8,73.5,134.2,261.5,508.0
shish_kebab,20,20,400,350,manhattan,200,0,25,50.52,8.75,21.0,40.38,68.94,130.36,197.62,16.9,2.0,6.8,13.0,24.0,46.0,64.0
shish_kebab,20,20,400,350,chebyshev,200,0,0,103.61,8.84,28.94,80.07,155.78,298.39,457.96,34.4,2.0,9.0,26.0,53.5,91.0,129.0
shish_kebab,20,20,400,350,landmark_k4,200,0,0,126.44,12.8,38.65,92.63,206.88,349.53,433.24,37.8,3.0,9.0,24.5,60.0,115.0,144.0
shish_kebab,20,20,400,350,landmark_k8,200,0,0,134.74,17.46,42.02,96.2,206.67,362.9,526.81,31.0,3.0,9.0,21.5,47.0,86.1,142.0
shish_kebab,20,20,400,350,landmark_k12,200,0,0,153.17,17.83,50.49,112.56,228.53,389.12,557.42,28.8,2.0,9.0,20.5,44.0,79.1,110.0
shish_kebab,20,20,400,350,landmark_k16,200,0,0,178.53,22.57,59.14,138.07,263.46,449.97,705.47,28.3,2.0,8.8,20.5,43.2,79.1,110.0
shish_kebab,20,20,400,350,landmark_k24,200,0,0,230.01,29.69,78.68,171.4,337.76,584.32,956.34,27.3,2.0,8.0,20.0,41.2,76.0,110.0
shish_kebab,20,20,400,350,landmark_k32,200,0,0,274.69,35.4,98.65,215.05,404.01,680.93,1035.37,26.7,2.0,8.0,20.0,39.0,76.0,110.0
shish_kebab,20,20,400,350,landmark_k64,200,0,0,470.35,61.79,165.21,364.26,705.85,1178.93,1804.26,26.0,2.0,8.0,20.0,39.0,69.1,110.0
shish_kebab,20,20,400,350,apsp,200,0,0,61.49,6.39,21.05,48.36,92.19,153.09,244.23,25.7,2.0,8.0,20.0,38.2,69.1,110.0
thread_of_connection,20,20,400,346,manhattan,200,0,0,164.73,8.89,25.79,81.33,249.13,548.93,739.6,61.1,2.0,6.0,28.0,105.0,199.3,239.0
thread_of_connection,20,20,400,346,chebyshev,200,0,0,201.14,9.72,29.89,126.4,304.71,589.15,854.24,74.1,2.0,9.0,43.0,117.5,222.1,268.0
thread_of_connection,20,20,400,346,landmark_k4,200,0,0,170.61,11.95,42.22,132.99,244.54,484.89,735.41,51.2,3.0,11.8,40.0,75.2,152.2,223.0
thread_of_connection,20,20,400,346,landmark_k8,200,0,0,188.38,16.26,50.61,157.63,253.61,540.18,765.13,43.9,3.0,10.0,36.5,59.2,132.1,190.0
thread_of_connection,20,20,400,346,landmark_k12,200,0,0,211.72,20.64,56.08,174.17,302.1,550.12,864.93,40.9,3.0,9.8,33.0,57.5,114.1,183.0
thread_of_connection,20,20,400,346,landmark_k16,200,0,0,235.56,24.0,59.16,196.97,345.39,588.13,945.95,38.4,3.0,8.8,30.0,54.0,104.0,168.0
thread_of_connection,20,20,400,346,landmark_k24,200,0,0,331.64,35.22,108.19,293.63,475.3,849.69,1378.3,36.6,3.0,8.0,30.0,54.0,95.0,152.0
thread_of_connection,20,20,400,346,landmark_k32,200,0,0,374.44,37.82,103.73,324.4,556.67,973.58,1337.11,35.4,3.0,8.0,29.5,53.2,94.0,140.0
thread_of_connection,20,20,400,346,landmark_k64,200,0,0,714.87,65.35,189.67,619.38,1065.15,1813.96,2444.2,34.2,2.0,8.0,29.5,52.5,85.1,121.0
thread_of_connection,20,20,400,346,apsp,200,0,0,83.89,7.95,22.73,70.05,125.93,225.11,315.6,34.0,2.0,8.0,29.0,52.5,85.1,121.0
tree_of_life,39,30,1170,1073,manhattan,200,0,52,92.17,15.2,39.73,64.54,111.28,266.82,653.34,32.2,5.0,13.0,24.0,40.2,101.0,228.0
tree_of_life,39,30,1170,1073,chebyshev,200,0,0,294.35,19.32,80.06,213.06,432.25,759.86,1403.98,96.7,5.0,26.0,68.0,152.2,255.2,455.0
tree_of_life,39,30,1170,1073,landmark_k4,200,0,0,349.95,22.75,97.06,246.07,481.47,1132.87,1449.34,103.3,5.0,25.8,71.5,144.0,338.3,451.0
tree_of_life,39,30,1170,1073,landmark_k8,200,0,0,375.6,28.19,107.56,270.02,512.22,1154.52,1427.33,87.1,5.0,23.2,60.5,123.2,288.3,349.0
tree_of_life,39,30,1170,1073,landmark_k12,200,0,0,423.56,32.48,122.25,311.71,598.01,1148.69,1728.84,79.7,5.0,21.0,56.5,118.5,216.5,317.0
tree_of_life,39,30,1170,1073,landmark_k16,200,0,0,487.32,39.52,150.06,379.07,681.31,1336.69,2524.73,76.1,5.0,21.0,53.0,110.0,215.0,317.0
tree_of_life,39,30,1170,1073,landmark_k24,200,0,0,596.33,49.73,191.09,429.12,841.97,1648.01,2145.14,73.3,5.0,21.0,51.5,106.8,208.3,269.0
tree_of_life,39,30,1170,1073,landmark_k32,200,0,0,749.94,67.72,246.32,575.52,1053.63,2117.2,3217.63,72.5,5.0,21.0,51.5,105.2,208.3,269.0
tree_of_life,39,30,1170,1073,landmark_k64,200,0,0,1287.04,103.45,408.77,944.12,1803.18,3612.01,4833.26,71.0,5.0,20.8,50.5,103.0,205.4,257.0
tree_of_life,39,30,1170,1073,apsp,200,0,0,180.09,14.99,54.3,126.29,255.89,515.8,695.82,69.9,5.0,20.0,50.0,103.0,205.3,257.0
wasteland,40,40,1600,1200,manhattan,200,0,115,89.24,14.95,49.06,78.7,114.53,185.31,437.09,32.8,5.0,18.8,30.0,43.0,68.0,175.0
wasteland,40,40,1600,1200,chebyshev,200,0,0,295.56,29.92,104.8,238.04,479.23,698.61,1061.25,101.5,7.0,35.0,82.5,149.0,252.1,342.0
wasteland,40,40,1600,1200,landmark_k4,200,0,0,379.84,28.25,106.31,284.21,544.16,1063.24,1487.13,120.9,7.0,32.0,87.5,180.0,334.0,519.0
wasteland,40,40,1600,1200,landmark_k8,200,0,0,379.73,33.25,129.54,297.94,549.18,1011.99,1556.7,97.8,7.0,30.0,76.5,137.5,262.4,410.0
wasteland,40,40,1600,1200,landmark_k12,200,0,0,447.24,44.95,152.27,349.17,643.87,1206.57,1855.06,93.0,7.0,30.0,76.0,131.2,261.0,410.0
wasteland,40,40,1600,1200,landmark_k16,200,0,0,487.25,53.41,174.73,408.49,685.4,1266.04,2155.71,90.1,7.0,29.0,76.0,123.5,241.1,399.0
wasteland,40,40,1600,1200,landmark_k24,200,0,0,605.2,67.87,221.71,518.66,860.56,1549.11,2495.25,86.7,7.0,29.0,73.0,120.2,234.3,355.0
wasteland,40,40,1600,1200,landmark_k32,200,0,0,723.01,81.82,264.8,605.95,1015.64,1963.25,2819.19,84.7,7.0,28.5,70.0,118.5,216.2,355.0
wasteland,40,40,1600,1200,landmark_k64,200,0,0,1256.25,137.56,498.38,1016.49,1822.87,3140.56,4450.48,82.0,7.0,28.5,68.5,118.2,213.1,323.0
wasteland,40,40,1600,1200,apsp,200,0,0,211.54,22.53,78.69,177.35,290.27,530.37,1083.78,79.2,7.0,26.8,64.0,112.2,213.0,308.0
bar_chart,35,40,1400,1060,manhattan,101,0,10,101.38,16.03,38.13,68.18,108.84,300.58,916.36,38.7,4.0,13.0,25.0,42.0,131.0,371.0
bar_chart,35,40,1400,1060,chebyshev,101,0,0,249.62,17.76,66.37,171.32,332.89,723.66,1324.07,90.2,5.0,23.0,55.0,123.0,255.0,490.0
bar_chart,35,40,1400,1060,landmark_k4,101,0,0,257.42,31.69,85.25,176.0,366.64,867.89,1073.82,82.6,7.0,27.0,55.0,120.0,271.0,345.0
bar_chart,35,40,1400,1060,landmark_k8,101,0,0,255.01,34.74,80.14,181.77,367.61,601.66,1104.46,63.2,7.0,23.0,44.0,90.0,144.0,283.0
bar_chart,35,40,1400,1060,landmark_k12,101,0,0,304.05,41.58,102.54,222.64,444.83,875.55,1183.64,60.5,6.0,23.0,43.0,90.0,142.0,245.0
bar_chart,35,40,1400,1060,landmark_k16,101,0,0,333.2,49.12,112.59,240.95,512.78,819.93,1304.2,59.0,6.0,23.0,42.0,90.0,142.0,245.0
bar_chart,35,40,1400,1060,landmark_k24,101,0,0,406.51,62.19,146.75,287.47,596.67,1031.86,1637.03,55.7,6.0,23.0,37.0,81.0,139.0,244.0
bar_chart,35,40,1400,1060,landmark_k32,101,0,0,494.78,85.18,177.9,348.82,723.0,1197.46,1969.93,55.0,6.0,22.0,37.0,81.0,139.0,242.0
bar_chart,35,40,1400,1060,landmark_k64,101,0,0,836.43,137.13,277.35,600.41,1249.56,2011.31,3253.03,53.6,6.0,22.0,37.0,81.0,134.0,221.0
bar_chart,35,40,1400,1060,apsp,101,0,0,128.83,15.34,46.88,85.69,183.3,344.86,555.58,51.9,5.0,17.0,37.0,77.0,134.0,221.0
binary_tree,41,30,1230,1075,manhattan,200,0,51,104.52,16.91,43.19,77.46,126.48,266.94,789.6,36.9,5.0,14.0,27.5,43.2,95.1,279.0
binary_tree,41,30,1230,1075,chebyshev,200,0,0,287.87,23.59,91.87,222.88,424.29,752.27,1464.0,93.8,6.0,31.8,76.0,133.0,245.4,447.0
binary_tree,41,30,1230,1075,landmark_k4,200,0,0,409.95,22.27,128.08,264.09,584.22,1371.03,2268.54,123.3,5.0,35.8,80.0,170.0,397.8,667.0
binary_tree,41,30,1230,1075,landmark_k8,200,0,0,366.47,28.5,129.21,275.06,479.47,1112.11,1839.66,83.5,5.0,26.8,63.0,108.8,256.0,466.0
binary_tree,41,30,1230,1075,landmark_k12,200,0,0,406.38,35.63,160.78,323.24,508.68,1151.64,2069.2,76.3,5.0,26.8,62.5,97.2,221.2,409.0
binary_tree,41,30,1230,1075,landmark_k16,200,0,0,464.66,49.04,180.3,378.41,610.55,1271.05,2518.19,75.2,5.0,26.8,62.0,97.0,201.0,409.0
binary_tree,41,30,1230,1075,landmark_k24,200,0,0,582.42,61.72,247.44,475.55,711.5,1521.13,3001.7,72.4,5.0,26.8,60.0,91.8,200.1,384.0
binary_tree,41,30,1230,1075,landmark_k32,200,0,0,698.57,77.08,301.7,589.37,875.85,1858.76,3542.98,70.4,5.0,26.8,59.0,90.2,196.0,384.0
binary_tree,41,30,1230,1075,landmark_k64,200,2,0,1176.98,117.58,520.04,959.67,1502.4,3074.82,5341.43,68.2,5.0,26.8,57.0,86.2,196.0,344.0
binary_tree,41,30,1230,1075,apsp,200,0,0,171.06,15.47,68.39,138.0,214.19,471.63,882.29,67.1,5.0,26.8,56.0,85.2,181.3,342.0
butterfly,31,31,961,784,manhattan,133,0,16,83.58,11.45,33.03,61.25,111.61,195.2,515.32,29.5,3.0,11.0,23.0,41.0,75.6,193.0
butterfly,31,31,961,784,chebyshev,133,0,0,217.26,14.97,58.79,170.11,324.08,526.49,842.2,71.9,4.0,18.0,54.0,108.0,184.8,277.0
butterfly,31,31,961,784,landmark_k4,133,0,0,227.51,19.4,65.2,177.11,340.54,555.68,1097.93,67.5,4.6,16.0,53.0,102.0,174.2,312.0
butterfly,31,31,961,784,landmark_k8,133,0,0,247.57,24.42,73.75,214.84,363.6,538.69,1059.08,56.8,4.0,15.0,47.0,84.0,127.8,239.0
butterfly,31,31,961,784,landmark_k12,133,0,0,287.94,31.98,93.72,235.42,419.67,688.75,1218.89,54.3,4.0,15.0,46.0,81.0,125.8,234.0
butterfly,31,31,961,784,landmark_k16,133,0,0,337.04,36.95,116.89,281.9,511.15,764.21,1524.6,51.4,4.0,15.0,44.0,77.0,118.2,221.0
butterfly,31,31,961,784,landmark_k24,133,0,0,410.97,45.56,140.44,356.34,612.88,886.21,1661.72,50.5,4.0,15.0,44.0,76.0,117.4,221.0
butterfly,31,31,961,784,landmark_k32,133,0,0,499.94,59.31,178.77,438.75,783.55,1093.67,1909.5,48.9,4.0,15.0,43.0,74.0,114.0,202.0
butterfly,31,31,961,784,landmark_k64,133,0,0,858.67,99.59,304.7,734.8,1309.9,1942.39,3335.7,48.0,4.0,15.0,41.0,74.0,114.0,202.0
butterfly,31,31,961,784,apsp,133,0,0,119.57,12.44,37.86,107.01,180.42,270.21,473.13,47.2,4.0,14.0,39.0,72.0,110.8,202.0
cold,37,37,1369,1271,manhattan,200,0,53,68.23,18.29,39.27,60.48,86.42,147.81,277.23,21.8,6.0,12.0,19.0,29.0,49.0,95.0
cold,37,37,1369,1271,chebyshev,200,0,0,290.45,25.95,84.71,202.59,413.99,827.94,1118.93,91.2,7.0,26.0,64.0,131.2,259.3,339.0
cold,37,37,1369,1271,landmark_k4,200,0,0,501.06,34.03,124.91,288.32,731.14,1549.01,2382.49,141.2,7.0,30.0,78.5,206.2,462.0,693.0
cold,37,37,1369,1271,landmark_k8,200,0,0,477.82,37.58,132.99,329.89,733.03,1394.27,1954.91,101.2,7.0,26.0,64.0,154.5,323.2,421.0
cold,37,37,1369,1271,landmark_k12,200,0,0,529.5,49.02,162.99,365.35,742.85,1395.4,2121.28,90.5,7.0,26.0,62.0,128.2,249.4,370.0
cold,37,37,1369,1271,landmark_k16,200,0,0,599.87,56.73,179.97,426.68,854.26,1698.91,2295.44,89.6,7.0,26.0,62.0,128.2,249.4,338.0
cold,37,37,1369,1271,landmark_k24,200,0,0,768.78,75.27,251.53,533.05,1117.02,2162.59,2895.92,88.6,7.0,25.8,61.5,128.2,248.5,323.0
cold,37,37,1369,1271,landmark_k32,200,0,0,966.52,97.9,290.16,669.12,1447.61,2765.21,4078.39,88.2,7.0,25.0,61.5,128.2,248.5,323.0
cold,37,37,1369,1271,landmark_k64,200,1,0,1566.5,165.23,489.17,1068.92,2317.71,4612.97,5669.44,87.5,7.0,25.0,61.5,128.2,248.5,320.0
cold,37,37,1369,1271,apsp,200,0,0,228.36,20.87,66.88,155.85,331.09,634.02,959.09,86.5,7.0,24.8,61.5,128.2,244.7,323.0
cubes,50,50,2500,2118,manhattan,200,0,41,387.77,24.27,86.08,199.01,589.36,1329.75,2274.03,140.5,7.0,28.8,74.0,218.0,409.4,811.0
cubes,50,50,2500,2118,chebyshev,200,0,0,708.63,34.3,218.54,532.15,1026.5,2075.29,3043.65,236.3,12.0,76.0,180.0,353.5,648.9,1093.0
cubes,50,50,2500,2118,landmark_k4,200,0,0,672.71,59.43,242.67,534.55,955.64,1791.22,3113.91,201.3,17.0,68.5,161.0,303.2,544.6,943.0
cubes,50,50,2500,2118,landmark_k8,200,0,0,646.94,93.39,249.17,468.98,941.14,1718.77,2812.05,150.0,15.0,56.8,109.5,211.0,426.7,704.0
cubes,50,50,2500,2118,landmark_k12,200,0,0,736.15,81.88,280.07,556.44,1055.07,1828.69,2971.69,136.1,14.0,52.5,97.0,190.8,347.1,631.0
cubes,50,50,2500,2118,landmark_k16,200,0,0,727.26,96.05,325.57,608.73,1036.88,1882.64,2384.06,118.6,12.9,46.0,93.5,169.2,298.6,422.0
cubes,50,50,2500,2118,landmark_k24,200,0,0,845.83,102.34,376.94,706.85,1217.91,1991.41,2893.7,106.2,10.8,46.0,89.0,151.0,264.0,392.0
cubes,50,50,2500,2118,landmark_k32,200,0,0,964.02,131.02,453.14,830.58,1421.86,2275.74,2913.83,100.4,10.8,45.5,85.0,148.0,232.8,313.0
cubes,50,50,2500,2118,landmark_k64,200,0,0,1580.52,197.81,733.35,1309.63,2326.96,3666.71,4739.05,95.2,9.9,43.2,78.0,144.2,223.4,284.0
cubes,50,50,2500,2118,apsp,200,0,0,254.76,28.53,118.18,205.63,369.59,633.84,726.78,91.8,9.9,41.0,77.5,134.0,222.0,271.0
gaussian,35,20,700,615,manhattan,200,0,38,91.08,12.3,29.42,51.78,98.14,351.06,455.34,33.1,4.0,10.0,18.0,34.2,131.2,171.0
gaussian,35,20,700,615,chebyshev,200,0,0,191.08,15.47,50.91,127.9,286.64,562.54,836.3,65.2,4.0,16.0,43.5,99.0,187.0,284.0
gaussian,35,20,700,615,landmark_k4,200,0,0,232.12,19.5,62.65,148.33,329.51,679.25,1229.72,69.7,4.0,16.0,44.0,99.2,226.3,345.0
gaussian,35,20,700,615,landmark_k8,200,0,0,247.91,24.04,78.22,172.07,345.38,726.7,959.26,56.9,4.0,15.0,36.0,84.2,172.4,222.0
gaussian,35,20,700,615,landmark_k12,200,0,0,292.95,28.46,84.49,200.78,408.89,835.59,1133.91,56.0,4.0,15.0,36.0,84.2,169.1,222.0
gaussian,35,20,700,615,landmark_k16,200,0,0,341.79,35.7,107.89,244.12,499.74,1005.27,1308.73,54.0,4.0,15.0,35.0,82.5,169.1,220.0
gaussian,35,20,700,615,landmark_k24,200,0,0,416.22,44.53,127.57,283.71,623.55,1246.54,1521.51,52.5,4.0,14.8,34.5,82.5,168.0,193.0
gaussian,35,20,700,615,landmark_k32,200,0,0,505.35,54.54,159.94,356.98,747.59,1510.56,1849.94,52.1,4.0,14.8,34.0,82.5,163.3,190.0
gaussian,35,20,700,615,landmark_k64,200,0,0,892.64,97.28,281.27,615.16,1350.37,2510.01,3371.9,51.4,4.0,14.8,33.0,81.2,159.2,188.0
gaussian,35,20,700,615,apsp,200,0,0,125.56,12.08,36.63,82.17,188.0,388.86,478.43,50.6,4.0,14.8,33.0,81.2,153.3,188.0
git_branches,50,35,1750,1466,manhattan,126,0,1,117.0,13.97,41.13,82.09,148.39,366.07,648.94,43.1,4.0,11.5,29.0,53.0,135.8,235.0
git_branches,50,35,1750,1466,chebyshev,126,0,0,277.99,16.98,73.08,195.18,395.47,857.91,1221.87,93.9,4.0,24.2,71.0,132.8,276.2,394.0
git_branches,50,35,1750,1466,landmark_k4,126,0,0,310.31,23.77,111.45,244.35,452.32,873.43,1691.65,97.5,5.0,29.2,72.0,145.0,279.2,468.0
git_branches,50,35,1750,1466,landmark_k8,126,0,0,289.55,28.82,108.72,240.6,431.85,716.48,1141.83,73.5,5.0,25.0,57.0,101.8,213.8,291.0
git_branches,50,35,1750,1466,landmark_k12,126,0,0,336.86,35.8,132.88,280.06,489.35,917.98,1394.43,70.3,5.0,25.0,53.5,98.5,202.8,291.0
git_branches,50,35,1750,1466,landmark_k16,126,0,0,369.74,40.21,156.5,315.75,500.33,896.74,1553.85,67.7,5.0,25.0,52.5,89.5,196.5,291.0
git_branches,50,35,1750,1466,landmark_k24,126,0,0,468.7,52.2,202.74,388.35,636.77,1219.95,1890.0,66.4,5.0,25.0,52.0,89.5,188.2,291.0
git_branches,50,35,1750,1466,landmark_k32,126,0,0,556.39,65.57,236.21,449.36,760.64,1402.54,2284.71,64.3,5.0,23.2,49.0,85.0,182.2,291.0
git_branches,50,35,1750,1466,landmark_k64,126,0,0,926.88,114.99,410.36,765.02,1311.2,2198.3,3769.73,62.0,5.0,22.5,44.5,80.0,174.2,291.0
git_branches,50,35,1750,1466,apsp,126,0,0,141.69,14.76,53.59,118.4,196.44,371.13,552.95,51.2,4.0,21.2,40.5,73.5,125.5,213.0
mandelbrot,50,41,2050,1833,manhattan,176,0,23,174.55,18.54,46.92,95.47,192.53,588.37,2497.63,60.3,5.8,15.0,30.0,68.5,213.2,774.0
mandelbrot,50,41,2050,1833,chebyshev,176,0,0,478.67,25.55,113.16,351.56,692.19,1448.91,3312.28,150.6,6.0,37.8,111.0,220.5,460.5,973.0
mandelbrot,50,41,2050,1833,landmark_k4,176,0,0,619.0,29.81,136.94,428.29,859.13,2051.81,2480.09,175.3,6.8,39.0,119.5,258.5,546.2,691.0
mandelbrot,50,41,2050,1833,landmark_k8,176,0,0,608.98,36.04,165.89,450.18,882.63,1931.26,2737.5,134.3,6.8,36.0,101.0,198.0,403.5,602.0
mandelbrot,50,41,2050,1833,landmark_k12,176,0,0,674.17,45.4,202.56,525.61,936.65,2035.16,2805.68,121.6,6.8,35.0,94.0,171.2,368.2,514.0
mandelbrot,50,41,2050,1833,landmark_k16,176,0,0,777.99,52.25,225.1,600.87,1095.33,2266.85,3265.23,116.4,6.8,35.0,94.0,163.2,318.2,506.0
mandelbrot,50,41,2050,1833,landmark_k24,176,0,0,1024.97,82.35,304.99,814.74,1440.65,2975.16,4215.34,112.9,6.8,35.0,92.0,159.2,310.8,491.0
mandelbrot,50,41,2050,1833,landmark_k32,176,0,0,1176.05,84.79,355.15,935.88,1625.76,3641.62,5171.85,111.3,6.8,34.8,90.0,157.5,310.8,489.0
mandelbrot,50,41,2050,1833,landmark_k64,176,10,0,1940.15,147.87,646.26,1570.42,2786.12,5224.04,6109.34,105.9,6.8,34.8,87.0,157.0,293.5,320.0
mandelbrot,50,41,2050,1833,apsp,176,0,0,293.13,20.49,92.46,229.12,393.34,855.53,1230.55,107.1,6.0,34.8,86.0,148.0,294.8,461.0
pixel_forest,45,25,1125,911,manhattan,165,0,15,246.27,13.9,47.01,120.07,357.69,813.46,1815.71,92.0,4.0,16.0,45.0,144.0,276.6,638.0
pixel_forest,45,25,1125,911,chebyshev,165,0,0,401.23,17.0,111.13,242.97,532.75,1394.61,1820.1,136.0,4.2,37.0,83.0,206.0,423.0,604.0
pixel_forest,45,25,1125,911,landmark_k4,165,0,0,422.14,24.27,116.07,270.02,563.99,1409.98,2114.96,129.5,6.2,36.0,80.0,169.0,446.6,615.0
pixel_forest,45,25,1125,911,landmark_k8,165,0,0,409.6,25.9,132.03,269.27,497.65,1265.18,1791.79,97.7,6.0,31.0,63.0,124.0,304.8,433.0
pixel_forest,45,25,1125,911,landmark_k12,165,0,0,469.37,30.4,156.11,322.2,596.72,1451.86,1895.04,93.0,6.0,28.0,63.0,118.0,291.8,385.0
pixel_forest,45,25,1125,911,landmark_k16,165,0,0,501.91,36.61,159.55,357.57,606.61,1582.89,1939.71,83.5,6.0,25.0,58.0,101.0,263.4,321.0
pixel_forest,45,25,1125,911,landmark_k24,165,0,0,618.24,46.07,207.11,457.84,728.04,1965.68,2317.71,79.7,6.0,24.0,54.0,94.0,258.4,314.0
pixel_forest,45,25,1125,911,landmark_k32,165,0,0,750.32,59.32,241.64,514.03,896.98,2399.89,2882.55,78.2,6.0,23.0,54.0,91.0,247.6,310.0
pixel_forest,45,25,1125,911,landmark_k64,165,0,0,1293.82,114.99,422.56,907.83,1541.22,4029.05,4860.49,75.6,5.2,23.0,52.0,90.0,241.6,293.0
pixel_forest,45,25,1125,911,apsp,165,0,0,185.88,12.53,57.46,125.51,231.44,600.17,734.06,73.8,4.2,23.0,52.0,90.0,236.6,273.0
settlement,50,38,1900,1792,manhattan,200,0,42,75.1,19.25,44.98,67.87,95.5,153.83,198.98,24.1,6.0,14.0,21.0,30.2,53.1,87.0
settlement,50,38,1900,1792,chebyshev,200,0,0,399.5,24.19,121.4,280.59,544.58,1252.1,1949.57,125.4,7.0,39.0,92.0,176.8,374.7,565.0
settlement,50,38,1900,1792,landmark_k4,200,0,0,562.74,29.5,159.19,364.04,745.71,1872.34,2894.93,153.6,7.0,41.5,106.0,209.8,488.2,748.0
settlement,50,38,1900,1792,landmark_k8,200,0,0,590.85,35.49,175.59,426.85,812.69,1835.57,2917.69,127.5,7.0,38.8,91.5,177.2,367.1,587.0
settlement,50,38,1900,1792,landmark_k12,200,0,0,701.42,45.96,194.87,496.24,959.63,2185.27,3523.58,124.6,7.0,33.8,91.5,171.0,366.9,565.0
settlement,50,38,1900,1792,landmark_k16,200,0,0,816.33,51.6,217.84,584.68,1127.56,2503.22,3949.2,123.5,7.0,33.0,91.5,171.0,366.9,565.0
settlement,50,38,1900,1792,landmark_k24,200,0,0,1039.43,71.12,300.6,771.5,1434.65,2996.8,5042.82,122.2,7.0,33.0,91.0,171.0,351.7,565.0
settlement,50,38,1900,1792,landmark_k32,200,2,0,1259.63,86.24,338.7,933.87,1726.72,3538.52,5519.55,120.5,7.0,33.0,91.0,164.0,337.3,512.0
settlement,50,38,1900,1792,landmark_k64,200,16,0,2068.73,148.91,625.71,1613.58,2957.73,5729.14,6096.42,113.5,7.0,33.0,89.0,162.5,320.0,320.0
settlement,50,38,1900,1792,apsp,200,0,0,318.78,21.2,95.87,226.87,432.89,904.07,1635.82,117.6,7.0,32.5,87.0,161.2,333.1,565.0
sierpinski_evil,31,31,961,688,manhattan,200,0,28,94.82,13.96,32.39,62.03,112.94,291.67,722.93,34.8,4.0,11.0,21.5,43.0,106.3,243.0
sierpinski_evil,31,31,961,688,chebyshev,200,0,0,201.94,16.31,63.06,149.89,278.99,576.57,908.3,71.2,5.0,20.8,54.5,98.2,201.2,290.0
sierpinski_evil,31,31,961,688,landmark_k4,200,0,0,257.04,20.76,74.3,191.8,386.9,745.97,1227.54,80.6,5.0,21.5,60.5,118.0,233.3,381.0
sierpinski_evil,31,31,961,688,landmark_k8,200,0,0,237.65,25.4,91.4,181.66,340.98,663.53,1025.7,57.0,5.0,19.0,43.5,83.2,155.1,252.0
sierpinski_evil,31,31,961,688,landmark_k12,200,0,0,274.23,34.36,105.18,211.61,395.81,741.58,1135.46,53.9,5.0,19.0,41.5,78.2,145.0,243.0
sierpinski_evil,31,31,961,688,landmark_k16,200,0,0,307.67,37.08,118.44,242.65,446.94,801.51,1331.18,51.9,5.0,19.0,40.0,78.2,135.2,233.0
sierpinski_evil,31,31,961,688,landmark_k24,200,0,0,382.15,47.73,143.4,307.92,552.16,988.92,1587.17,48.9,5.0,18.5,39.0,73.5,127.1,216.0
sierpinski_evil,31,31,961,688,landmark_k32,200,0,0,461.09,58.99,173.5,369.35,660.77,1152.09,1809.89,47.9,5.0,17.0,39.0,71.2,124.0,190.0
sierpinski_evil,31,31,961,688,landmark_k64,200,0,0,784.84,105.42,302.31,629.81,1143.3,1959.32,3173.57,46.1,5.0,17.0,38.0,70.0,114.1,190.0
sierpinski_evil,31,31,961,688,apsp,200,0,0,112.13,14.0,44.28,93.05,157.65,278.42,446.54,45.4,5.0,17.0,37.0,68.0,113.0,190.0
socket,50,20,1000,698,manhattan,200,0,8,310.99,15.7,98.14,245.71,471.49,821.97,1205.88,128.1,5.0,41.0,96.5,198.5,334.1,497.0
socket,50,20,1000,698,chebyshev,200,0,0,475.73,18.66,159.47,365.5,787.94,1186.95,1443.65,182.3,5.0,63.5,144.5,304.2,428.0,504.0
socket,50,20,1000,698,landmark_k4,200,0,0,315.11,32.23,134.98,250.71,448.97,768.57,916.05,102.2,9.0,45.0,80.0,153.0,258.1,302.0
socket,50,20,1000,698,landmark_k8,200,0,0,349.34,29.79,162.8,294.94,519.81,791.55,1096.95,88.2,6.0,41.0,72.0,135.5,216.0,244.0
socket,50,20,1000,698,landmark_k12,200,0,0,400.44,33.73,187.88,333.84,619.47,897.74,1153.86,86.1,6.0,38.5,69.0,135.0,205.0,234.0
socket,50,20,1000,698,landmark_k16,200,0,0,440.25,36.25,191.07,379.53,662.09,966.67,1192.42,82.2,6.0,34.8,68.0,126.2,194.0,223.0
socket,50,20,1000,698,landmark_k24,200,0,0,549.26,47.18,246.08,478.1,827.01,1195.71,1422.86,79.9,6.0,34.0,67.0,119.5,185.0,204.0
socket,50,20,1000,698,landmark_k32,200,0,0,664.45,65.5,275.79,578.56,989.95,1410.8,1675.93,76.9,6.0,33.0,66.0,118.0,169.1,192.0
socket,50,20,1000,698,landmark_k64,200,0,0,1152.46,107.85,501.61,1003.54,1750.15,2470.06,2652.74,75.2,6.0,32.8,63.5,114.0,164.1,186.0
socket,50,20,1000,698,apsp,200,0,0,173.63,14.58,73.61,146.75,262.76,380.34,449.59,73.3,5.0,32.0,62.5,113.0,157.0,172.0
starry_night,50,41,2050,1914,manhattan,200,0,35,108.3,22.3,50.74,76.53,130.88,315.15,701.59,36.6,6.0,16.0,26.0,42.2,110.3,236.0
starry_night,50,41,2050,1914,chebyshev,200,0,0,401.08,33.01,145.75,296.73,559.61,1149.9,1840.33,127.9,9.0,47.5,99.0,177.0,355.1,520.0
starry_night,50,41,2050,1914,landmark_k4,200,0,0,719.24,38.76,204.8,433.42,1145.16,2186.5,3757.97,213.8,10.0,60.0,122.0,319.8,622.5,1130.0
starry_night,50,41,2050,1914,landmark_k8,200,0,0,581.42,45.16,188.97,416.85,803.9,1698.57,2610.87,129.7,9.0,42.0,91.5,178.2,384.1,594.0
starry_night,50,41,2050,1914,landmark_k12,200,0,0,615.16,55.65,210.01,470.23,792.9,1844.4,3043.14,111.2,9.0,38.0,85.5,142.2,322.0,537.0
starry_night,50,41,2050,1914,landmark_k16,200,0,0,698.05,65.0,253.07,539.22,906.71,2176.27,3487.4,109.5,9.0,38.0,84.5,139.0,322.0,532.0
starry_night,50,41,2050,1914,landmark_k24,200,0,0,901.0,93.67,329.22,707.06,1173.17,2835.72,4077.28,105.9,9.0,37.8,84.0,137.0,315.0,481.0
starry_night,50,41,2050,1914,landmark_k32,200,0,0,1066.76,97.1,381.93,836.59,1347.46,3264.86,4826.85,103.6,9.0,36.0,84.0,133.2,294.1,461.0
starry_night,50,41,2050,1914,landmark_k64,200,9,0,1787.24,199.88,639.69,1423.21,2339.97,5301.05,6530.81,100.1,9.0,35.0,84.0,131.2,294.1,320.0
starry_night,50,41,2050,1914,apsp,200,0,0,274.39,26.41,96.86,217.43,360.4,830.34,1253.75,101.0,9.0,34.0,83.5,129.8,294.1,412.0
tiles,40,30,1200,882,manhattan,153,0,11,205.97,17.75,71.45,138.52,256.15,565.21,1122.11,85.3,5.6,29.0,56.0,108.0,240.0,451.0
tiles,40,30,1200,882,chebyshev,153,0,0,345.88,27.41,116.36,226.44,480.03,1100.28,1406.83,135.9,7.0,45.0,91.0,193.0,437.0,545.0
tiles,40,30,1200,882,landmark_k4,153,0,0,270.26,37.74,99.05,196.04,336.38,739.01,1619.37,90.6,11.0,32.0,65.0,117.0,252.4,569.0
tiles,40,30,1200,882,landmark_k8,153,0,0,278.43,46.42,119.18,228.82,373.69,736.84,1405.34,73.2,11.0,28.0,56.0,100.0,206.6,357.0
tiles,40,30,1200,882,landmark_k12,153,0,0,300.38,50.15,141.96,234.88,422.4,712.18,1667.72,64.8,8.6,27.0,50.0,95.0,167.2,351.0
tiles,40,30,1200,882,landmark_k16,153,0,0,342.1,53.14,168.33,275.69,451.44,785.86,1848.58,61.7,7.6,27.0,49.0,88.0,154.8,345.0
tiles,40,30,1200,882,landmark_k24,153,0,0,400.47,70.22,198.53,332.75,527.27,906.53,2313.11,56.0,7.0,25.0,46.0,72.0,138.0,336.0
tiles,40,30,1200,882,landmark_k32,153,0,0,475.92,79.56,240.42,400.36,639.35,1037.62,2706.75,53.7,7.0,25.0,45.0,69.0,129.8,329.0
tiles,40,30,1200,882,landmark_k64,153,0,0,771.71,152.1,397.96,635.3,982.76,1693.33,4364.71,48.7,7.0,22.0,38.0,62.0,107.4,309.0
tiles,40,30,1200,882,apsp,153,0,0,116.17,18.58,57.59,93.5,143.76,272.74,606.05,46.3,7.0,22.0,37.0,58.0,105.8,261.0
wasteland_oasis,40,40,1600,1030,manhattan,200,0,110,78.99,18.04,41.14,67.19,100.44,189.36,367.29,32.0,7.0,16.0,28.0,40.0,72.0,150.0
wasteland_oasis,40,40,1600,1030,chebyshev,200,0,0,212.87,28.09,79.23,172.27,266.45,553.9,928.35,82.5,9.0,31.8,70.5,107.2,206.2,336.0
wasteland_oasis,40,40,1600,1030,landmark_k4,200,0,0,271.78,32.85,94.25,204.52,359.44,767.28,1560.46,94.0,9.0,31.0,65.0,123.0,271.0,520.0
wasteland_oasis,40,40,1600,1030,landmark_k8,200,0,0,258.52,35.86,106.84,197.68,335.29,742.1,1526.35,71.0,9.0,27.8,52.5,90.2,215.3,413.0
wasteland_oasis,40,40,1600,1030,landmark_k12,200,0,0,275.93,42.37,122.17,210.0,390.23,694.73,1139.7,63.2,9.0,26.0,49.0,87.0,172.1,253.0
wasteland_oasis,40,40,1600,1030,landmark_k16,200,0,0,309.67,54.53,138.03,247.48,430.41,814.41,1249.86,59.9,9.0,25.8,46.0,82.2,163.4,246.0
wasteland_oasis,40,40,1600,1030,landmark_k24,200,0,0,385.03,66.43,172.57,308.37,528.14,993.11,1473.09,58.6,9.0,24.8,44.5,80.2,161.0,244.0
wasteland_oasis,40,40,1600,1030,landmark_k32,200,0,0,461.1,87.49,205.44,376.57,599.32,1174.16,1801.76,56.2,8.0,23.8,43.5,75.5,149.1,242.0
wasteland_oasis,40,40,1600,1030,landmark_k64,200,0,0,755.38,144.43,341.44,602.3,1020.03,1839.65,2954.35,53.0,8.0,22.0,42.0,71.2,138.0,218.0
wasteland_oasis,40,40,1600,1030,apsp,200,0,0,116.91,21.84,49.21,93.12,154.92,304.3,522.61,50.2,8.0,20.0,40.0,70.0,127.1,217.0
